created_at,text,Polarity,Subjectivity
Mon Apr 18 18:42:14 +0000 2016,"RT @ClassicJams: 20,000+ chanting ""Fuck Donald Trump"" at Coachella https://t.co/mCp7jjqZ6E",-0.4,0.6
Mon Apr 18 18:42:14 +0000 2016,"RT @WSHHFANS: YG had 40,000 people chanting ""F*CK DONALD TRUMP"" at Coachella https://t.co/uVSMM4TmYe",[0.164293],0.0
Mon Apr 18 18:42:14 +0000 2016,"RT @WORLDSTARVlNE: YG HAD 40,000 PEOPLE CHANTING ""F*CK DONALD TRUMP"" AT COACHELLA https://t.co/wTFVHvZR6f",[0.164293],0.0
Mon Apr 18 18:42:15 +0000 2016,Hillary Clinton is totally beatable in a general election. Just not by Donald Trump or Ted Cruz. https://t.co/ybOzZ214e4,0.02500000000000001,0.625
Mon Apr 18 18:42:15 +0000 2016,"@warrenwarmachi1, @Donald J. Trump, part 1 agreed, bashing Trump isn't good.  Reasonably aborting clinton, sanders,  crud, and if theres",0.44999999999999996,0.6000000000000001
Mon Apr 18 18:42:17 +0000 2016,"RT @WORLDSTARVlNE: YG HAD 40,000 PEOPLE CHANTING ""F*CK DONALD TRUMP"" AT COACHELLA https://t.co/wTFVHvZR6f",[0.164293],0.0
Mon Apr 18 18:42:17 +0000 2016,"RT @WORIDSTARHIPH0P: YG had 40,000 people chanting ""F*CK DONALD TRUMP"" at Coachella https://t.co/9uerBPUVgi",[0.164293],0.0
Mon Apr 18 18:42:17 +0000 2016,"RT @W0RLDSTARCOMEDY: YG had 40,000 people chanting ""F*CK DONALD TRUMP"" at Coachella https://t.co/tvWrXmQyHN",[0.164293],0.0
Mon Apr 18 18:42:17 +0000 2016,Would Donald J Trump wear jean shorts? I'd definitely identify with him more if he did. #DonaldTrump #QuadsAgainstAllOdds,0.25,0.5
Mon Apr 18 18:42:17 +0000 2016,Today I was Donald Trump'd,0.0,0.0
Mon Apr 18 18:42:17 +0000 2016,New Video: YG &amp; Nipsey Hussle FDT (F#ck Donald Trump). https://t.co/ne4WhnstA3 https://t.co/7WAo6Dsy50,0.13636363636363635,0.45454545454545453
Mon Apr 18 18:42:18 +0000 2016,"RT @WORIDSTARVlDEOS: YG had 40,000 people chanting ""F*CK DONALD TRUMP"" at Coachella https://t.co/QNMCgpZfF7",[0.164293],0.0
Mon Apr 18 18:42:18 +0000 2016,RT @SofiaVergara: Stupid fake journal.never again use my name to invent stupid fake news. https://t.co/u39nNMcgai,-0.6499999999999999,1.0
Mon Apr 18 18:42:18 +0000 2016,"RT @WORIDSTARHIPH0P: YG had 40,000 people chanting ""F*CK DONALD TRUMP"" at Coachella https://t.co/9uerBPUVgi",[0.164293],0.0
Mon Apr 18 18:42:19 +0000 2016,"RT @WSHHFANS: YG had 40,000 people chanting ""F*CK DONALD TRUMP"" at Coachella https://t.co/uVSMM4TmYe",[0.164293],0.0
Mon Apr 18 18:42:20 +0000 2016,"RT @WORIDSTARHIPH0P: YG had 40,000 people chanting ""F*CK DONALD TRUMP"" at Coachella https://t.co/9uerBPUVgi",[0.164293],0.0
Mon Apr 18 18:42:20 +0000 2016,"RT @WORIDSTARHIPH0P: YG had 40,000 people chanting ""F*CK DONALD TRUMP"" at Coachella https://t.co/9uerBPUVgi",[0.164293],0.0
Mon Apr 18 18:42:20 +0000 2016,Donald Trump to receive a Rex Ryan welcome to Buffalo https://t.co/5NHOoNL6cw,0.8,0.9
Mon Apr 18 18:42:20 +0000 2016,Had a bad day? Have a laugh: Donald Trump: 25 things the Republican believes - https://t.co/2XxzO9Wtnv,-0.19999999999999993,0.3833333333333333
Mon Apr 18 18:42:21 +0000 2016,"RT @DailyRapFacts: YG had 40,000 people chanting ""F*CK DONALD TRUMP"" at Coachella https://t.co/ofqrDS0JL3",[0.164293],0.0
Mon Apr 18 18:42:21 +0000 2016,RT @OOTLYFE: YG &amp; Nipsey Hussle - FDT [F*ck Donald Trump] (Music Video) [@YG @NipseyHussle] https://t.co/NG9YQIKrVO https://t.co/ZkpsY21jU5,[0.155855],0.0
Mon Apr 18 18:42:21 +0000 2016,"RT @WORIDSTARHIPH0P: YG had 40,000 people chanting ""F*CK DONALD TRUMP"" at Coachella https://t.co/9uerBPUVgi",[0.164293],0.0
Mon Apr 18 18:42:21 +0000 2016,#TrumpCampaignNews #NYC Voters Say #DonaldTrump Is The Most Authentic New Yorker https://t.co/5HJeQ1CRiA,0.37878787878787873,0.5681818181818182
Mon Apr 18 18:42:22 +0000 2016,"RT @natemezmer: 30,000 chanting ""Fuck Donald Trump"" at #Coachella... Shouts out @YG https://t.co/K3Uv6xt4Hn",-0.4,0.6
Mon Apr 18 18:42:22 +0000 2016,"RT @ClassicJams: 20,000+ chanting ""Fuck Donald Trump"" at Coachella https://t.co/mCp7jjqZ6E",-0.4,0.6
Mon Apr 18 18:42:23 +0000 2016,"RT @W0RLDSTARC0MEDY: YG had 40,000 people chanting ""F*CK DONALD TRUMP"" at Coachella https://t.co/V0DOJ7FNNX",[0.164293],0.0
Mon Apr 18 18:42:23 +0000 2016,RT @SofiaVergara: Stupid fake journal.never again use my name to invent stupid fake news. https://t.co/u39nNMcgai,-0.6499999999999999,1.0
Mon Apr 18 18:42:23 +0000 2016,Fuck Donald Trump,-0.4,0.6
Mon Apr 18 18:42:24 +0000 2016,"RT @RlDICULOUSNESS: YG had 40,000 people chanting ""F*CK DONALD TRUMP"" at Coachella https://t.co/VLEnGGM4kZ",[0.164293],0.0
Mon Apr 18 18:42:24 +0000 2016,This is the best thing I've seen ever  https://t.co/yI10o5PPQm,1.0,0.3
Mon Apr 18 18:42:24 +0000 2016,"And he'll win because Cruz is a near mirror image of Indiana's current gov, whom everyone now hates with a passion. https://t.co/5MQkynfdkw",0.3,0.4000000000000001
Mon Apr 18 18:42:24 +0000 2016,"RT @HotFreestyle: YG had 40,000 people chanting ""F*CK DONALD TRUMP"" at Coachella https://t.co/mUlCZ6DIp2",[0.164293],0.0
Mon Apr 18 18:42:24 +0000 2016,"RT @WORIDSTARHIPH0P: YG had 40,000 people chanting ""F*CK DONALD TRUMP"" at Coachella https://t.co/9uerBPUVgi",[0.164293],0.0
Mon Apr 18 18:42:25 +0000 2016,"RT @WSHHFANS: YG had 40,000 people chanting ""F*CK DONALD TRUMP"" at Coachella https://t.co/uVSMM4TmYe",[0.164293],0.0
Mon Apr 18 18:42:25 +0000 2016,"RT @WORLDSTARVlNE: YG HAD 40,000 PEOPLE CHANTING ""F*CK DONALD TRUMP"" AT COACHELLA https://t.co/wTFVHvZR6f",[0.164293],0.0
Mon Apr 18 18:42:25 +0000 2016,"RT @WSHHFANS: YG had 40,000 people chanting ""F*CK DONALD TRUMP"" at Coachella https://t.co/uVSMM4TmYe",[0.164293],0.0
Mon Apr 18 18:42:26 +0000 2016,"RT @WORIDSTARHIPH0P: YG had 40,000 people chanting ""F*CK DONALD TRUMP"" at Coachella https://t.co/9uerBPUVgi",[0.164293],0.0
Mon Apr 18 18:42:26 +0000 2016,RT @SofiaVergara: Stupid fake journal.never again use my name to invent stupid fake news. https://t.co/u39nNMcgai,-0.6499999999999999,1.0
Mon Apr 18 18:42:26 +0000 2016,Kim Jong wants to be his VP https://t.co/a1aBSiTy4a,0.2,0.1
Mon Apr 18 18:42:27 +0000 2016,"RT @sexualgifs_: 20,000+ chanting ""Fuck Donald Trump"" at Coachella https://t.co/nxpn1GAai5",-0.4,0.6
Mon Apr 18 18:42:27 +0000 2016,A Marxist In The Making https://t.co/Ej1uNPMFy7,[0.484454],0.0
Mon Apr 18 18:42:28 +0000 2016,"RT @j2yngr: And ""AMEN"" to that! https://t.co/3wDHSauYEH",[0.484454],0.0
Mon Apr 18 18:42:29 +0000 2016,"RT @DailyRapFacts: YG had 40,000 people chanting ""F*CK DONALD TRUMP"" at Coachella https://t.co/ofqrDS0JL3",[0.164293],0.0
Mon Apr 18 18:42:29 +0000 2016,"RT @WORLDSTARVlNE: YG HAD 40,000 PEOPLE CHANTING ""F*CK DONALD TRUMP"" AT COACHELLA https://t.co/wTFVHvZR6f",[0.164293],0.0
Mon Apr 18 18:42:29 +0000 2016,"RT @sexualgifs_: 20,000+ chanting ""Fuck Donald Trump"" at Coachella https://t.co/nxpn1GAai5",-0.4,0.6
Mon Apr 18 18:42:30 +0000 2016,RT @1065WYRK: Rex Ryan Will Introduce Donald Trump at Tonight's Rally https://t.co/3QL78OADgS,[0.451397],0.0
Mon Apr 18 18:42:30 +0000 2016,"RT @WSHHFANS: YG had 40,000 people chanting ""F*CK DONALD TRUMP"" at Coachella https://t.co/uVSMM4TmYe",[0.164293],0.0
Mon Apr 18 18:42:30 +0000 2016,"RT @WORLDSTARVlNE: YG HAD 40,000 PEOPLE CHANTING ""F*CK DONALD TRUMP"" AT COACHELLA https://t.co/wTFVHvZR6f",[0.164293],0.0
Mon Apr 18 18:42:30 +0000 2016,RT @RUCKlN: Donald Trump winning states just shows us that America is still hella racist almost 50 years after the civil rights movement.,0.5,0.75
Mon Apr 18 18:42:31 +0000 2016,"RT @WORIDSTARHIPH0P: YG had 40,000 people chanting ""F*CK DONALD TRUMP"" at Coachella https://t.co/9uerBPUVgi",[0.164293],0.0
Mon Apr 18 18:42:31 +0000 2016,"RT @DailyRapFacts: YG had 40,000 people chanting ""F*CK DONALD TRUMP"" at Coachella https://t.co/ofqrDS0JL3",[0.164293],0.0
Mon Apr 18 18:42:31 +0000 2016,"RT @WSHHFANS: YG had 40,000 people chanting ""F*CK DONALD TRUMP"" at Coachella https://t.co/uVSMM4TmYe",[0.164293],0.0
Mon Apr 18 18:42:31 +0000 2016,RT @SofiaVergara: Stupid fake journal.never again use my name to invent stupid fake news. https://t.co/u39nNMcgai,-0.6499999999999999,1.0
Mon Apr 18 18:42:31 +0000 2016,"RT @WSHHFANS: YG had 40,000 people chanting ""F*CK DONALD TRUMP"" at Coachella https://t.co/uVSMM4TmYe",[0.164293],0.0
Mon Apr 18 18:42:32 +0000 2016,"RT @WORLDSTARVlNE: YG HAD 40,000 PEOPLE CHANTING ""F*CK DONALD TRUMP"" AT COACHELLA https://t.co/wTFVHvZR6f",[0.164293],0.0
Mon Apr 18 18:42:32 +0000 2016,Good 3 Minute Read (By Interviewer Of DT)...  True: Donald Trump Is Really Smart https://t.co/hLLwVMsgOz #Women4Trump,0.4214285714285713,0.6309523809523809
Mon Apr 18 18:42:32 +0000 2016,"RT @WSHHFANS: YG had 40,000 people chanting ""F*CK DONALD TRUMP"" at Coachella https://t.co/uVSMM4TmYe",[0.164293],0.0
Mon Apr 18 18:42:32 +0000 2016,"RT @sexualgifs_: 20,000+ chanting ""Fuck Donald Trump"" at Coachella https://t.co/nxpn1GAai5",-0.4,0.6
Mon Apr 18 18:42:33 +0000 2016,"RT @WORLDSTARC0MEDY: YG had 40,000 people chanting ""F*CK DONALD TRUMP"" at Coachella https://t.co/utflqTnvim",[0.164293],0.0
Mon Apr 18 18:42:33 +0000 2016,Bills 4-12 https://t.co/E3V73YQlG0,[0.484454],0.0
Mon Apr 18 18:42:33 +0000 2016,Rex Ryan confirms he will introduce Donald Trump at his rally tonight in Buffalo. #Bills.| MORE: https://t.co/wDiXgpLcCO,0.5,0.5
Mon Apr 18 18:42:34 +0000 2016,"RT @WORLDSTARC0MEDY: YG had 40,000 people chanting ""F*CK DONALD TRUMP"" at Coachella https://t.co/utflqTnvim",[0.164293],0.0
Mon Apr 18 18:42:34 +0000 2016,"RT @WSHHFANS: YG had 40,000 people chanting ""F*CK DONALD TRUMP"" at Coachella https://t.co/uVSMM4TmYe",[0.164293],0.0
Mon Apr 18 18:42:35 +0000 2016,[Syracuse] Bills coach Rex Ryan will be introducing Donald Trump at his Buffalo rally https://t.co/kqx3Wbh7ZK #Bills,[-0.500691],0.0
Mon Apr 18 18:42:35 +0000 2016,Bills going 2-14 https://t.co/0is8rM76PO,[0.484454],0.0
Mon Apr 18 18:42:35 +0000 2016,RT @OOTLYFE: YG &amp; Nipsey Hussle - FDT [F*ck Donald Trump] (Music Video) [@YG @NipseyHussle] https://t.co/NG9YQIKrVO https://t.co/ZkpsY21jU5,[0.155855],0.0
Mon Apr 18 18:42:35 +0000 2016,! Check out these kids doing their best Donald Trump impressions: https://t.co/0nGPEUxcg7 https://t.co/F5UIhxfFi7,1.0,0.3
Mon Apr 18 18:42:36 +0000 2016,"RT @WORLDSTARVlNE: YG HAD 40,000 PEOPLE CHANTING ""F*CK DONALD TRUMP"" AT COACHELLA https://t.co/wTFVHvZR6f",[0.164293],0.0
Mon Apr 18 18:42:36 +0000 2016,"RT @WORLDSTARVlNE: YG HAD 40,000 PEOPLE CHANTING ""F*CK DONALD TRUMP"" AT COACHELLA https://t.co/wTFVHvZR6f",[0.164293],0.0
Mon Apr 18 18:42:36 +0000 2016,I did NOT know that Donald Trump was such a natural comedian. https://t.co/oycMrso6bS,0.05,0.45
Mon Apr 18 18:42:37 +0000 2016,RT @SofiaVergara: Stupid fake journal.never again use my name to invent stupid fake news. https://t.co/u39nNMcgai,-0.6499999999999999,1.0
Mon Apr 18 18:42:37 +0000 2016,"RT @AIIAmericanGirI: NBC Fears Sanders 'Making Donald Trump's Argument' Against 'Crooked Hillary'
https://t.co/t21aDCqak8",[-0.132637],0.1
Mon Apr 18 18:42:37 +0000 2016,"RT @ClassicJams: 20,000+ chanting ""Fuck Donald Trump"" at Coachella https://t.co/mCp7jjqZ6E",-0.4,0.6
Mon Apr 18 18:42:39 +0000 2016,"RT @WSHHFANS: YG had 40,000 people chanting ""F*CK DONALD TRUMP"" at Coachella https://t.co/uVSMM4TmYe",[0.164293],0.0
Mon Apr 18 18:42:39 +0000 2016,"RT @DailyRapFacts: YG had 40,000 people chanting ""F*CK DONALD TRUMP"" at Coachella https://t.co/ofqrDS0JL3",[0.164293],0.0
Mon Apr 18 18:42:40 +0000 2016,"My Bosnian friends little neice asked, Is that mean ""Donald Trump"" going to send our family back to Bosnia?  https://t.co/865C2kqQ4a",-0.16666666666666666,0.3958333333333333
Mon Apr 18 18:42:40 +0000 2016,"RT @WORIDSTARHIPH0P: YG had 40,000 people chanting ""F*CK DONALD TRUMP"" at Coachella https://t.co/9uerBPUVgi",[0.164293],0.0
Mon Apr 18 18:42:41 +0000 2016,"RT @DailyRapFacts: YG had 40,000 people chanting ""F*CK DONALD TRUMP"" at Coachella https://t.co/ofqrDS0JL3",[0.164293],0.0
Mon Apr 18 18:42:41 +0000 2016,"RT @WORIDSTARHIPH0P: YG had 40,000 people chanting ""F*CK DONALD TRUMP"" at Coachella https://t.co/9uerBPUVgi",[0.164293],0.0
Mon Apr 18 18:42:42 +0000 2016,"RT @WORIDSTARHIPHOP: YG had 40,000 people chanting ""F*CK DONALD TRUMP"" at Coachella https://t.co/FvBGkAw8hK",[0.164293],0.0
Mon Apr 18 18:42:43 +0000 2016,"RT @kumailn: The Prime Minister of Canada explained quantum computing in less than 30 seconds.

Donald Trump misspelled the word ""dumber.""",-0.16666666666666666,0.06666666666666667
Mon Apr 18 18:42:43 +0000 2016,"RT @HotFreestyle: YG had 40,000 people chanting ""F*CK DONALD TRUMP"" at Coachella https://t.co/mUlCZ6DIp2",[0.164293],0.0
Mon Apr 18 18:42:43 +0000 2016,"RT @RlDICULOUSNESS: YG had 40,000 people chanting ""F*CK DONALD TRUMP"" at Coachella https://t.co/VLEnGGM4kZ",[0.164293],0.0
Mon Apr 18 18:42:43 +0000 2016,fuck donald trump x yg &amp; nipsey hussle,-0.4,0.6
Mon Apr 18 18:42:44 +0000 2016,RT @rowblanchard: New fave meditation music!  https://t.co/mgh5yn827t,0.17045454545454544,0.45454545454545453
Mon Apr 18 18:42:45 +0000 2016,"RT @WORIDSTARHIPHOP: YG had 40,000 people chanting ""F*CK DONALD TRUMP"" at Coachella https://t.co/FvBGkAw8hK",[0.164293],0.0
Mon Apr 18 18:42:45 +0000 2016,"RT @WORIDSTARHIPH0P: YG had 40,000 people chanting ""F*CK DONALD TRUMP"" at Coachella https://t.co/9uerBPUVgi",[0.164293],0.0
Mon Apr 18 18:42:45 +0000 2016,FUCK DONALD TRUMP #FDT https://t.co/Y5MpogjfFJ,-0.4,0.6
Mon Apr 18 18:42:45 +0000 2016,pretty easy to stick when he re-earns it every two seconds lol https://t.co/EJirO7pcgb,0.49444444444444446,0.8444444444444444
Mon Apr 18 18:42:46 +0000 2016,"RT @WORIDSTARHIPH0P: YG had 40,000 people chanting ""F*CK DONALD TRUMP"" at Coachella https://t.co/9uerBPUVgi",[0.164293],0.0
Mon Apr 18 18:42:46 +0000 2016,RT @DocWashburn: What you and I have in common with Donald Trump. This: https://t.co/8qRLKVyBPc,-0.3,0.5
Mon Apr 18 18:42:47 +0000 2016,"RT @DailyRapFacts: YG had 40,000 people chanting ""F*CK DONALD TRUMP"" at Coachella https://t.co/ofqrDS0JL3",[0.164293],0.0
Mon Apr 18 18:42:47 +0000 2016,"RT @DaiIyRaps: YG had 40,000 people chanting ""F*CK DONALD TRUMP"" at Coachella https://t.co/TollQqYB0w",[0.164293],0.0
Mon Apr 18 18:42:47 +0000 2016,RT @hdestes43: @NRO The headline should read: Mature People With One Foot In Reality Really Dislike Donald Trump. #CruzCrew #ChooseCruz,0.15000000000000002,0.15000000000000002
Mon Apr 18 18:42:48 +0000 2016,"RT @ClassicJams: 20,000+ chanting ""Fuck Donald Trump"" at Coachella https://t.co/mCp7jjqZ6E",-0.4,0.6
Mon Apr 18 18:42:49 +0000 2016,"RT @wpjenna: Earlier today Donald Trump met with a ""diversity coalition"" of his supporters: https://t.co/OSyvKDgKrH",[-0.378698],0.5
Mon Apr 18 18:42:49 +0000 2016,"RT @sexualgifs_: 20,000+ chanting ""Fuck Donald Trump"" at Coachella https://t.co/nxpn1GAai5",-0.4,0.6
Tue Apr 19 19:10:35 +0000 2016,RT @DavidVujanic: Move country  https://t.co/uYz8COFpzp,[0.484454],0.0
Tue Apr 19 19:10:39 +0000 2016,"RT @nytimes: Donald Trump didn't seem to realize he'd invoked 7-Eleven, not 9/11 in a speech https://t.co/A2MAHw8Xlu https://t.co/1tsAiElXJj",[0.170591],0.0
Tue Apr 19 19:10:39 +0000 2016,RT @sageboggs: Friendly reminder that Donald Trump is the awful rich kid's dad in The Little Rascals https://t.co/8QmRnF3B2T,-0.109375,0.6875
Tue Apr 19 19:10:40 +0000 2016,I added a video to a @YouTube playlist https://t.co/7ytHoftn9y Donald Trump Refers To 9/11 As 7/11 | NowThis,[0.0999539],0.0
Tue Apr 19 19:10:41 +0000 2016,"RT @TheAffinityMag: 20,000+ saying ""Fuck Donald Trump"" at Coachella. This is history happening https://t.co/qvuiNAKFnB",-0.4,0.6
Tue Apr 19 19:10:41 +0000 2016,RT @Always_Trump: Big victory for Trump In New York &amp; Trump's the Presumptive Nominee - https://t.co/rurpqXHN5D https://t.co/fvQiDih8eb,0.06818181818181818,0.2772727272727273
Tue Apr 19 19:10:41 +0000 2016,RT @LiveFreeKyle: #Respect The only candidate with #Integrity #TeamTrump #MakeAmericaGreatAgain https://t.co/FSHmcdaWBS,[0.391547],1.0
Tue Apr 19 19:10:41 +0000 2016,bout time https://t.co/O97eTOWUdd,[0.484454],0.0
Tue Apr 19 19:10:42 +0000 2016,"@davidzurawik  F*cking idiot, the male version of Sarah Palin https://t.co/4XrbUnNeYC",-0.4,0.45
Tue Apr 19 19:10:42 +0000 2016,Latest: Rudy Giuliani explains why he is voting for Donald Trump https://t.co/chP6xQcWUl,0.5,0.9
Tue Apr 19 19:10:42 +0000 2016,"RT @natemezmer: 30,000 chanting ""Fuck Donald Trump"" at #Coachella... Shouts out @YG https://t.co/K3Uv6xt4Hn",-0.4,0.6
Tue Apr 19 19:10:43 +0000 2016,Really Mika you and Joe were not in Donald Trump room watching the returns. Say that with a straight face https://t.co/egks02RrFU,0.2,0.30000000000000004
Tue Apr 19 19:10:43 +0000 2016,"RT @BohoOutfitters: Donald Trump: I like it when people wear no makeup 
Me: https://t.co/t4xNwTs6Rm",[0.484454],0.0
Tue Apr 19 19:10:43 +0000 2016,@JoeNBC Don't you get tired of getting on your knees in front of Donald Trump?,-0.4,0.7
Tue Apr 19 19:10:44 +0000 2016,"RT @SOMEXlCAN: YG had 40,000 people chanting ""F*CK DONALD TRUMP"" at Coachella https://t.co/euiIsiLYvP",[0.164293],0.0
Tue Apr 19 19:10:46 +0000 2016,The most important election of my lifetime!  https://t.co/mvAG5HWJst,0.5,0.75
Tue Apr 19 19:10:46 +0000 2016,"This pic...
what's she saying?
Angry Face 
or
Angry Fece (singular)
(did she just call Donald Trump an angry turd?) https://t.co/xfAQhnYRBr",-0.5,1.0
Tue Apr 19 19:10:46 +0000 2016,"@CarlyFiorina SENIOR LIVES MATTER, let them know you are listening! https://t.co/kJx49Ku5nn https://t.co/B3MYAJdHfd",[0.0545286],0.0
Tue Apr 19 19:10:47 +0000 2016,"RT @FT: New York Republicans are giving Donald Trump a chance, and liking what they see https://t.co/W7Rh5haZel https://t.co/bDy0yvyxH9",0.13636363636363635,0.45454545454545453
Tue Apr 19 19:10:47 +0000 2016,"RT @SOMEXlCAN: YG had 40,000 people chanting ""F*CK DONALD TRUMP"" at Coachella https://t.co/euiIsiLYvP",[0.164293],0.0
Tue Apr 19 19:10:48 +0000 2016,Of course. How else could he take over the GOP so strategically. https://t.co/Ul18jWebHL,[0.484454],0.0
Tue Apr 19 19:10:48 +0000 2016,"RT @TheDreamCIoset: Donald Trump: I like it when people wear no makeup 
Me: https://t.co/f5lg0fh0eZ",[0.484454],0.0
Tue Apr 19 19:10:49 +0000 2016,Donald : Get Donald Trump To Pay For My Tampons https://t.co/JzycIrdVzN via @Change,[-0.167292],0.0
Tue Apr 19 19:10:49 +0000 2016,RT @carewolf10: We're still here and growing in numbers-Vote Donald Trump-NEW YORK LETS ROLL!! https://t.co/wggY52rdjL,[0.484454],0.0
Tue Apr 19 19:10:50 +0000 2016,I liked a @YouTube video from @bcrevoltfan https://t.co/kljqkveRlx Donkey of the day: Donald Trump,0.6,0.8
Tue Apr 19 19:10:51 +0000 2016,"RT @ParaComedian09: ""One Big Gulp, please."" -Donald Trump visiting 9/11 Memorial",0.0,0.1
Tue Apr 19 19:10:51 +0000 2016,"RT @_jhaaytooreal: Donald Trump said 7/11 was 9/11, and some people think he's fit for president ? #godbless",0.4,0.4
Tue Apr 19 19:10:52 +0000 2016,RT @Rene_gadeCowboy: Veterans need to wake up to this con man .. Using them to pander votes and money https://t.co/9ArbVN5yfj,[-0.272681],0.0
Tue Apr 19 19:10:52 +0000 2016,Donald trump is white privilege #Ijs,0.0,0.0
Tue Apr 19 19:10:52 +0000 2016,"Donald Trump's Jet, a Regular on the Campaign Trail, Is Not Registered to Fly https://t.co/tis7YHcxhI",0.4,0.4884615384615385
Tue Apr 19 19:10:53 +0000 2016,"RT @rachkinsinger: This should be an automatic ""you can't run for president anymore"" mistake. Like actually.  https://t.co/e1sXMQiLP6",[0.484454],0.1
Tue Apr 19 19:10:53 +0000 2016,"RT @BIackPplVines: YG had 40,000 people chanting ""F*CK DONALD TRUMP"" at Coachella https://t.co/TjarulYD0i",[0.164293],0.0
Tue Apr 19 19:10:54 +0000 2016,RT @TheFix: Donald Trump is a heck of a lot smarter than he gets credit for https://t.co/WauHpgLKmH https://t.co/3jgvVWVCLz,[0.243346],0.0
Tue Apr 19 19:10:55 +0000 2016,RT @OutFrontCNN: New Poll: 63% of the GOP are satisfied with Donald Trump as the nominee https://t.co/BOXw5cMqAf https://t.co/1TX7qjGmwK,0.3181818181818182,0.7272727272727273
Tue Apr 19 19:10:55 +0000 2016,First Draft: Republican Consultant Cheri Jacobus Files Libel Suit Against Donald Trump: Ms. Jacobus accused Mr. Trump and his campaig...,0.25,0.3333333333333333
Tue Apr 19 19:10:55 +0000 2016,RT @TheFix: Donald Trump is a heck of a lot smarter than he gets credit for https://t.co/WauHpgLKmH https://t.co/3jgvVWVCLz,[0.243346],0.0
Tue Apr 19 19:10:55 +0000 2016,"RT @FT: New York Republicans are giving Donald Trump a chance, and liking what they see https://t.co/W7Rh5haZel https://t.co/bDy0yvyxH9",0.13636363636363635,0.45454545454545453
Tue Apr 19 19:10:56 +0000 2016,RT @BlackPplVines: Donald Trump rally vs. Bernie Sander rally https://t.co/H39bgUB906,[0.389078],0.0
Tue Apr 19 19:10:56 +0000 2016,Ben Shapiro: Donald Trump Is A Liar https://t.co/7KotODfkHa #NYPrimary  #PrimaryDay #NeverTrump #ChooseCruz #CruzCrew #JewsForCruz,[0.0130886],0.0
Tue Apr 19 19:10:56 +0000 2016,RT @tpb: Donald Trump Won't Raise The Minimum Wage Because He Will Get Everyone A High-Paying Job https://t.co/0JbMovYzx9,[0.332732],0.0
Tue Apr 19 19:10:56 +0000 2016,Just voted for Donald J. Trump! Never been so excited for a candidate #NYPrimary #VeteransforTrump #Trump2016 #MakeAmericaGreatAgain,0.375,0.75
Tue Apr 19 19:10:58 +0000 2016,"RT @WorldStarFunny: YG had 40,000 people chanting ""F*CK DONALD TRUMP"" at Coachella https://t.co/5A2YeNMtyc",[0.164293],0.0
Tue Apr 19 19:10:59 +0000 2016,"Donald Trump was just mentioned on CNNHD #donaldtrump #trump2016 
read more:
https://t.co/bFYX2K2XEH",0.5,0.5
Tue Apr 19 19:10:59 +0000 2016,Donald Trump is gonna start war all over again can I move to canada,0.0,0.0
Tue Apr 19 19:10:59 +0000 2016,Donald Trump's Iowa Fly-by with Air Force One theme song https://t.co/OE1sKEHv4p,[0],0.0
Tue Apr 19 19:11:00 +0000 2016,RT @MrLeSam: 812. Mac Miller - Donald Trump https://t.co/l33PgzXC41,[0.0741593],0.0
Tue Apr 19 19:11:00 +0000 2016,"RT @FT: New York Republicans are giving Donald Trump a chance, and liking what they see https://t.co/W7Rh5haZel https://t.co/bDy0yvyxH9",0.13636363636363635,0.45454545454545453
Tue Apr 19 19:11:01 +0000 2016,"https://t.co/EhYaADyBym about: 
Rapper YG has 20k people screaming 'F*** Donald Trump' at Coachella
       #news #hot #daily #mail #forex",0.125,0.42500000000000004
Tue Apr 19 19:11:01 +0000 2016,"Trump OKs 'major' spending surge, expanded roles for Manafort and Wiley. https://t.co/pxa5siujwE #Trump2016 #MAGA https://t.co/nlcqpswaUc",0.0625,0.5
Tue Apr 19 19:11:02 +0000 2016,"@griffm60 Nope, I'm not done telling the truth about #lyinted 

https://t.co/bacblEhaXS",[0.484454],0.0
Tue Apr 19 19:11:02 +0000 2016,"RT @BohoOutfitters: Donald Trump: I like it when people wear no makeup 
Me: https://t.co/t4xNwTs6Rm",[0.484454],0.0
Tue Apr 19 19:11:02 +0000 2016,"@HuffingtonPost Take this in, #HillaryMachine - #WomenForTrump https://t.co/2PFi2XZAgG",[-0.288376],0.0
Tue Apr 19 19:11:02 +0000 2016,Botched or #Onpurpose #drumphagain https://t.co/9vTtVbjLb4,[-0.167805],0.0
Tue Apr 19 19:11:02 +0000 2016,RT @AllKnowA: We all know a dumbass named Donald Trump,0.0,0.0
Tue Apr 19 19:11:03 +0000 2016,"RT @AmyMek: No surprise Donald Trump won the Alabama Primary!

#PrimaryDay 
#Trump2016 https://t.co/4KQYEximM9",0.5,0.5
Tue Apr 19 19:11:03 +0000 2016,"@Always_Trump @baaron2871 ,Damn Skippy 55%+++++ ALL DAY
GO DONALD TRUMP, MAGA",0.0,0.0
Tue Apr 19 19:11:04 +0000 2016,"RT @MakeupGuides: Donald Trump: I like it when people wear no makeup 
Me: https://t.co/3nxnaRY5sK",[0.484454],0.0
Tue Apr 19 19:11:05 +0000 2016,"RT @BohoOutfitters: Donald Trump: I like it when people wear no makeup 
Me: https://t.co/t4xNwTs6Rm",[0.484454],0.0
Tue Apr 19 19:11:06 +0000 2016,How is ANYONE still taking him seriously? https://t.co/Y2pmzeHgra  #Trump,-0.3333333333333333,0.6666666666666666
Tue Apr 19 19:11:06 +0000 2016,"RT @MakeupGuides: Donald Trump: I like it when people wear no makeup 
Me: https://t.co/3nxnaRY5sK",[0.484454],0.0
Tue Apr 19 19:11:07 +0000 2016,Donald Trump Refers To 9/11 As 7/11 | NowThis: https://t.co/7ytHoftn9y via @YouTube,[0.0999539],0.0
Tue Apr 19 19:11:07 +0000 2016,"""As Donald Trump Speaks, Some Voters Hear Echoes of Ed Koch"" MAGGIE HABERMAN and JONATHAN MARTIN https://t.co/5IPrHNKpLQ",[-0.204167],0.0
Tue Apr 19 19:11:09 +0000 2016,RT @SpeakUp4Trump: Everyone should watch this Donald Trump video. He's fighting for the people! https://t.co/SXibV2ZYvX,[0.389078],0.0
Tue Apr 19 19:11:09 +0000 2016,"RT @TheDreamCIoset: Donald Trump: I like it when people wear no makeup 
Me: https://t.co/f5lg0fh0eZ",[0.484454],0.0
Tue Apr 19 19:11:10 +0000 2016,"RT @WeLoveRobDyrdek: YG had 40,000 people chanting ""F*CK DONALD TRUMP"" at Coachella https://t.co/NLAA7boXXy",[0.164293],0.0
Tue Apr 19 19:11:10 +0000 2016,RT @Rene_gadeCowboy: Veterans need to wake up to this con man .. Using them to pander votes and money https://t.co/9ArbVN5yfj,[-0.272681],0.0
Tue Apr 19 19:11:10 +0000 2016,RT @GuardianUS: Donald Trump's campaign faces unprecedented rift amid delegate panic https://t.co/pOcGP2twTB,0.6,0.9
Tue Apr 19 19:11:10 +0000 2016,RT @IDisDummies: LMAO RT @GotMyEdgesMami: I thought this was Donald trump with Fantasia lmao https://t.co/FOwFvyRS66,0.6,1.0
Tue Apr 19 19:11:11 +0000 2016,"RT @MakeupGuides: Donald Trump: I like it when people wear no makeup 
Me: https://t.co/3nxnaRY5sK",[0.484454],0.0
Tue Apr 19 19:11:11 +0000 2016,If Donald Trump is cheated of his Presidency by corrupt officials we are all going to go bottoms up !! https://t.co/X1ttzgkops,-0.78125,1.0
Tue Apr 19 19:11:12 +0000 2016,"@EboniKWilliams  F*cking idiot, the male version of Sarah Palin https://t.co/4XrbUnNeYC",-0.4,0.45
Tue Apr 19 19:11:12 +0000 2016,@bungalevista Donald Trump's will then talk about the 28 pages during the correction. Free air time. Genius!,0.5,0.8
Tue Apr 19 19:11:14 +0000 2016,63% satisfied with Trump as nominee in CNN     poll. Now we need is to retain won delegates. Depending on Manafort! https://t.co/C1vahTK95i,0.625,1.0
Tue Apr 19 19:11:14 +0000 2016,"RT @MakeupGuides: Donald Trump: I like it when people wear no makeup 
Me: https://t.co/3nxnaRY5sK",[0.484454],0.0
Tue Apr 19 19:11:14 +0000 2016,"RT @WinnaWinna2016: That's the plan 
Trump jhadding Republicans so Hillary wins 
Open borders 
Gun control https://t.co/229DHgq0Nz",0.15,0.35
Tue Apr 19 19:11:15 +0000 2016,@Cartoon_Peacock * donald trump made a shitty reason so he got away with it when he shouldn't have,0.0,0.0
Tue Apr 19 19:11:15 +0000 2016,"RT @TheAffinityMag: 20,000+ saying ""Fuck Donald Trump"" at Coachella. This is history happening https://t.co/qvuiNAKFnB",-0.4,0.6
Tue Apr 19 19:11:14 +0000 2016,@CNNSotu #TrumpGasBag THE DONALD TRUMP WHOOPEE CUSHION! https://t.co/tnRx8irYaB   Deflate the Donald! https://t.co/IU7FtQQGQu,[0.301966],0.0
Tue Apr 19 19:11:16 +0000 2016,RT @ImBrianJoyce: 7/11 was an inside job. Jet fuel can't melt Taquito's. https://t.co/fzNQdMYNL8,[-0.226413],0.0
Tue Apr 19 19:11:16 +0000 2016,"#News: Donald Trump needs to read the Bible and pray, says Ben Carson https://t.co/fxn59dlxV1",[-0.0456413],0.0
Tue Apr 19 19:11:16 +0000 2016,"RT @FT: New York Republicans are giving Donald Trump a chance, and liking what they see https://t.co/W7Rh5haZel https://t.co/bDy0yvyxH9",0.13636363636363635,0.45454545454545453
Tue Apr 19 19:11:17 +0000 2016,"RT @BIackPplVines: YG had 40,000 people chanting ""F*CK DONALD TRUMP"" at Coachella https://t.co/TjarulYD0i",[0.164293],0.0
Tue Apr 19 19:11:18 +0000 2016,"RT @sexualgifs_: 20,000+ chanting ""Fuck Donald Trump"" at Coachella https://t.co/nxpn1GAai5",-0.4,0.6
Tue Apr 19 19:11:18 +0000 2016,RT @nowthisnews: VINE: Beyonce and Donald Trump are both competing for the Beyonce vote https://t.co/hTGvZsHz0j,[0],0.0
Fri Apr 15 03:54:38 +0000 2016,#mygeniusidea a cure for the disease of people liking Donald Trump,0,0
Fri Apr 15 03:54:47 +0000 2016,RT @rejectedjokes: Batman vs Superman vs Iron Man vs Captain America vs Donald Trump vs Hillary Clinton vs Bernie Sanders vs vs vs vs #2016,0,0
Fri Apr 15 03:55:12 +0000 2016,RT @TrumpTrain8: Retweet if you are 100 PERCENT voting for Donald Trump,0,0
Fri Apr 15 03:55:17 +0000 2016,Donald Trump and Dennis Skinner unimpressed by disclosures of 'dodgy Dave' #fakeheadlinebot #learntocode #makeatwitterbot #javascript,0,0
Fri Apr 15 04:02:10 +0000 2016,RT @favorite90744: @specino Hilary Clininton is just a girl version of Donald Trump and puppet,0,0
Fri Apr 15 04:02:49 +0000 2016,RT @GabeSerbian: Gene Simmons is the Donald Trump of music.,0,0
Fri Apr 15 04:06:08 +0000 2016,@Nudah if you follow me I'll fist Donald Trump!,0,0
Fri Apr 15 04:06:13 +0000 2016,RT @DailyVotingPoll: Do you think Donald Trump will be president of the United States of America?,0,0
Fri Apr 15 04:06:54 +0000 2016,@mtuan93 do you follow American politics? What's your opinion on Donald trump?,0,0
Fri Apr 15 04:12:14 +0000 2016,@JosephsTweeter you celebrate Donald trump stfu pasty ass,0,0
Fri Apr 15 04:12:17 +0000 2016,RT @tedcruz: RT @FallonTonight: Donald Trump calls @TedCruz to give him a prep interview before his appearance on The Tonight Show:,0,0
Fri Apr 15 04:12:21 +0000 2016,RT @ginopon: @hirokiyuus ellen is poseidon if poseidon was donald trump,0,0
Fri Apr 15 04:12:21 +0000 2016,RT @VOICEOFCHID: Bernie Sanders is just like Donald Trump. He doesn't study. He just shoots from the hip. #DemDebate,0,0
Fri Apr 15 04:12:24 +0000 2016,RT @UncleBp: Donald Trump must receive 6 million tweets a day. About 1/2 come from hardcore White racists according to my TL.,0,0
Fri Apr 15 04:12:35 +0000 2016,RT @Za1d: Donald Trump is like that one aunty that everyone hates but she doesn't know that everyone hates her.,0,0
Fri Apr 15 04:17:28 +0000 2016,The E! network is like the Donald Trump of TV channels.,0,0
Fri Apr 15 04:17:40 +0000 2016,"Things #Dems against per the debate:
White Folks
American citizens
Guns- gun makers-NRA-gun shops-gun rights
Donald Trump 
Securing border",0,0
Fri Apr 15 03:54:57 +0000 2016,RT @joshgreenman: Case closed: Vote anyone but Trump https://t.co/4DJkTDP7Fj,-0.1,0.1
Fri Apr 15 04:02:23 +0000 2016,RT @JustinWolfers: Bernie raises money for his fellow Democrats the same way Donald Trump gives money to charity.,0,0.125
Fri Apr 15 04:17:46 +0000 2016,RT @JustinWolfers: Bernie raises money for his fellow Democrats the same way Donald Trump gives money to charity.,0,0.125
Fri Apr 15 04:02:21 +0000 2016,"RT @JesseLehrich: Bernie took the exact same position on @NATO as Donald Trump, which Ds &amp; Rs alike have slammed.
#DemDebate",0.125,0.1875
Fri Apr 15 04:02:24 +0000 2016,"RT @JesseLehrich: Bernie took the exact same position on @NATO as Donald Trump, which Ds &amp; Rs alike have slammed.
#DemDebate",0.125,0.1875
Fri Apr 15 04:06:02 +0000 2016,Really??!! https://t.co/RCvTiNUxBB,0.3125,0.2
Fri Apr 15 03:54:45 +0000 2016,"Sharon Stone on Trump's ""Hubris"" and Bernie: ""How Much Acid Has This Guy Taken?"" https://t.co/Ho0X0mCYir via @thr",0.2,0.2
Fri Apr 15 03:54:49 +0000 2016,RT @emodad_: if you're voting for Donald Trump I have to assume you understand politics about as much as Donald Trump understands politics,0.2,0.2
Fri Apr 15 04:02:21 +0000 2016,"RT @txchick999: Sharon Stone on Trump's ""Hubris"" and Bernie: ""How Much Acid Has This Guy Taken?"" https://t.co/eEnMOPcipX via @thr",0.2,0.2
Fri Apr 15 04:02:41 +0000 2016,RT @Drudge_Report_: #SHARON STONE Rips #Bernie: 'How Much Acid Has This Guy #Taken?' https://t.co/t08Aw40I0z,0.2,0.2
Fri Apr 15 04:12:27 +0000 2016,6 reasons to believe Donald Trump could really blow this thing https://t.co/W1SLX1caVD,0.2,0.2
Fri Apr 15 04:12:36 +0000 2016,RT @NewsBreaksLive: #SHARON STONE Rips #Bernie: 'How Much Acid Has This Guy #Taken?' https://t.co/aqdBSSnURv,0.2,0.2
Fri Apr 15 04:02:19 +0000 2016,RT @SavGod_: gotta be bernie.. ik his old ass wears a seatbelt  https://t.co/t7TL3QmRmU,0.1,0.2
Fri Apr 15 04:06:20 +0000 2016,Ted Cruz instead of Donald Trump? No thanks https://t.co/L5cpctyizl,-0.1,0.2
Fri Apr 15 04:07:05 +0000 2016,RT @FishmanLevine: Ted Cruz instead of Donald Trump? No thanks https://t.co/L5cpctyizl,-0.1,0.2
Fri Apr 15 04:17:39 +0000 2016,RT @FishmanLevine: Ted Cruz instead of Donald Trump? No thanks https://t.co/L5cpctyizl,-0.1,0.2
Fri Apr 15 04:17:25 +0000 2016,"@realDonaldTrump @WSJ @realDonaldTrump the libs can thk us later. DONALD J TRUMP AMERICA'S NEXT GREAT PRESIDENT 
#TRUMPTRAIN",0.26666666666666666,0.25
Fri Apr 15 04:12:06 +0000 2016,RT @kencampbell66: The Next Colorado: Cruz Snatches More Delegates in Nebraska https://t.co/E7Vemw8VZ0 https://t.co/cOsbg8A4hg,0.25,0.25
Fri Apr 15 03:54:40 +0000 2016,"In 1,20,2017 president Donald J Trump in the White House Office yes enjoy it. https://t.co/rcNOZkVXbk",0.2,0.25
Fri Apr 15 03:55:05 +0000 2016,"RT @sontianie: In 1,20,2017 president Donald J Trump in the White House Office yes enjoy it. https://t.co/rcNOZkVXbk",0.2,0.25
Fri Apr 15 04:12:18 +0000 2016,The Best Theory of 1992: Donald Trump Took Amphetamine-Like Diet... https://t.co/plHEPzW8WE #DonaldTrump,1,0.3
Fri Apr 15 04:12:52 +0000 2016,RT @BadAsianGirls: Best way for Mac Miller to introduce Donald Trump http://t.co/VTi1TqYR1m,1,0.3
Fri Apr 15 03:55:17 +0000 2016,What is that Asian Donald Trump lady's @? I love her,0.25,0.3
Fri Apr 15 04:02:29 +0000 2016,Donald Trump Really Sucks https://t.co/qvFUPhJv37,-0.3,0.3
Fri Apr 15 04:06:30 +0000 2016,Donald Trump Really Sucks https://t.co/Zr7emwmZSw,-0.3,0.3
Fri Apr 15 04:12:26 +0000 2016,Donald Trump Really Sucks https://t.co/qgHUIFdaFS,-0.3,0.3
Fri Apr 15 04:17:29 +0000 2016,"356724 - ""Who the hell wants to talk about politics all the time?"" Donald Trump asked a room full of Republican... https://t.co/pH4gsE33EU",0.275,0.325
Fri Apr 15 04:07:06 +0000 2016,RT @TCOT2016: @GDKalfie @peddoc63 @JVER1 YOURE TELLING ME! https://t.co/11a7hHPHLN cruz should give the money back! Lol,0.4,0.35
Fri Apr 15 04:12:11 +0000 2016,These bombings were done by scum  let in the USA be failed President William Jefferson Clinton and his wife would be https://t.co/xGu5K7qKTc,-0.4,0.35
Fri Apr 15 04:12:36 +0000 2016,President Donald J Trump you're the one for the White House office n 2017. Make America Great Again. America vote Trump 2016. God is with U.,0.4,0.375
Fri Apr 15 04:02:25 +0000 2016,"I realize I'm a @tedcruz supporter so I'm biased, but I think he comes off really well on the late night shows
https://t.co/tQEousx8VM",-0.04999999999999999,0.4
Fri Apr 15 04:06:48 +0000 2016,"NY Post basing Trump endorsement upon a guess? A hope? | ""Should he win the nomination, we expect Trump to pivot"" https://t.co/TJHRu4TyVB",0.8,0.4
Fri Apr 15 04:06:59 +0000 2016,RT @PrisonPlanet: If this video had an audio track it would be the sound of Michelle Fields' career deflating. https://t.co/HsWvgeXV0v,0.4,0.4
Fri Apr 15 04:17:49 +0000 2016,I liked a @YouTube video from @indianpriceinfo https://t.co/QFxprsfVKI Donald Trump Documentary - All Glitters aren't Gold - How US,0.3,0.4
Fri Apr 15 04:12:02 +0000 2016,Current mood: I would let Donald Trump be President if it meant that I could meet Brendon,0,0.4
Fri Apr 15 04:12:25 +0000 2016,RT @6StringedLove: Current mood: I would let Donald Trump be President if it meant that I could meet Brendon,0,0.4
Fri Apr 15 04:17:53 +0000 2016,RT @6StringedLove: Current mood: I would let Donald Trump be President if it meant that I could meet Brendon,0,0.4
Fri Apr 15 04:06:04 +0000 2016,"RT @Read_N_Learn: As expected, the @nypost has endorsed @realDonaldTrump https://t.co/74VN9vZdfx",-0.1,0.4
Fri Apr 15 04:06:16 +0000 2016,Donald Trump leaves people wondering if he knows Joe Paterno is dead.. Related Articles: https://t.co/9dud1lZ0Eg,-0.1,0.4
Fri Apr 15 04:02:43 +0000 2016,She was starting shit you tards https://t.co/5bqqTCHy2c,-0.1,0.45
Fri Apr 15 03:55:10 +0000 2016,RT @JoeBeertap: STOP THE HATE: Donald Trump's Immoral Idea For Financing The Mexican Border Wall - Forbes https://t.co/0NtBFpKeG5 #DumpTrump,-0.4,0.45
Fri Apr 15 04:06:44 +0000 2016,@mtuan93 will Donald Trump really make America great again,0.5,0.475
Fri Apr 15 04:17:39 +0000 2016,A poll released Thursday found Mr. Trump to be the most unpopular major presidential candidate in more than 30 years https://t.co/JvB7BsnrEg,0.3541666666666667,0.5
Fri Apr 15 04:06:56 +0000 2016,Words to live by https://t.co/mgINpCi0B8,0.13636363636363635,0.5
Fri Apr 15 04:17:22 +0000 2016,"LIVE Stream: Donald Trump in Suffolk County, Patchogue, NY https://t.co/XfK81TViu2",0.13636363636363635,0.5
Fri Apr 15 04:17:56 +0000 2016,my stepdad wanted donald trump in office and now he's all for bernie AND I LIVE FOR THIS MOMENT,0.13636363636363635,0.5
Fri Apr 15 04:06:53 +0000 2016,"Donald Trump was just mentioned during The Kelly File on FNCHD
read more:
https://t.co/xaWRZBz79v",0.5,0.5
Fri Apr 15 04:07:00 +0000 2016,"RT @PatrickSvitek: Fallon as Trump suggests Cruz lip sync RIhanna's ""Work.""

""OK, Donald, I'm hanging up now,"" Cruz says.",0.5,0.5
Fri Apr 15 04:12:36 +0000 2016,RT @USAHipster: MORE AMMO FOR DONALD TRUMP @realDonaldTrump  https://t.co/s8iI4kZOSy,0.5,0.5
Fri Apr 15 04:17:20 +0000 2016,"Donald Trump was just mentioned during The Kelly File on FNCHD
read more:
https://t.co/oArMQE54td",0.5,0.5
Fri Apr 15 04:17:28 +0000 2016,"Donald Trump was just mentioned during The Eighties on CNNHD
read more:
https://t.co/FfoGLn93vL",0.5,0.5
Fri Apr 15 04:17:53 +0000 2016,"Donald Trump was just mentioned during The Rachel Maddow Show on MSNBC
read more:
https://t.co/otdcShIHNO",0.5,0.5
Fri Apr 15 04:06:03 +0000 2016,RT @CosimoBellanto3: @Franklin_Graham When i hear Donald Trump speak I AM PROUD TO BE AN AMERICAN,0.4,0.5
Fri Apr 15 03:55:11 +0000 2016,"RT @Fatnando: CONFIRMED: Lana Del Rey will be performing her song ""National Anthem"" at Donald Trump's next rally https://t.co/q6Xv20yTWN",0.2,0.5
Fri Apr 15 03:54:46 +0000 2016,RT @BernieSanders: Bernie Sanders outperforms Hillary Clinton in every major poll when tested against Donald Trump. Now that's electability.,0.0625,0.5
Fri Apr 15 04:17:42 +0000 2016,RT @slone: Trump's challenging the victim culture that has turned into a victimizing culture. https://t.co/sftKdVcklT,0.2125,0.525
Fri Apr 15 04:06:18 +0000 2016,"He's full of something, alright! #SleezyDonald #NeverTrump #DumpTrump #WomenAgainstTrump #CruzCrew #OnlyCruz https://t.co/FUPcJbdaqb",0.4375,0.55
Fri Apr 15 04:06:35 +0000 2016,"RT @PizzaPartyBen: ""I love Donald Trump to- https://t.co/4hQdiFOUfV",0.5,0.6
Fri Apr 15 04:17:46 +0000 2016,"RT @PizzaPartyBen: ""I love Donald Trump to- https://t.co/4hQdiFOUfV",0.5,0.6
Fri Apr 15 04:06:49 +0000 2016,Cheater! You're no different than what we have in office now. I will vote for Hillary if Donald Trump doesn't get the nomination. Cheater!#,0,0.6
Fri Apr 15 03:54:42 +0000 2016,RT @BlueBoxDave: Fuck the Post. I'm ashamed to have been published in it. https://t.co/vTfyX6mX30,-0.4,0.6
Fri Apr 15 04:06:48 +0000 2016,RT @SoftGlas: Except Donald Trump. Fuck Donald Trump. Wholeheartedly.,-0.4,0.6
Fri Apr 15 04:12:24 +0000 2016,RT @skaijackson: The reason Donald Trump is winning is probably the same reason why Taylor Swift is so famous.,0.3333333333333333,0.625
Fri Apr 15 04:17:25 +0000 2016,RT @msjbe20a: Donald Trump to headline fundraiser near site of anti-immigrant hate crime https://t.co/d8WyCBOgse via @msnbc,-0.35000000000000003,0.65
Fri Apr 15 03:54:38 +0000 2016,"Donald Trump facetime dancing ""Work"" os best thing so far in 2016 #FallonTonight",0.55,0.65
Fri Apr 15 03:55:06 +0000 2016,i dont like hillary but true! https://t.co/GBqGykhzTC,0.4375,0.65
Fri Apr 15 04:06:49 +0000 2016,@GOP_Left_Me @realDenaldTrump @realDonaldTrump @thedailybeast No it is quite real! Donald Trump is a fake conservative though.,-0.125,0.65
Fri Apr 15 03:54:47 +0000 2016,RT @arianasholyass: i hate my school more than donald trump not even kidding,-0.15000000000000002,0.7
Fri Apr 15 03:55:11 +0000 2016,@DonPupusa @TorreySmithWR the quote you tried to say isn't even on there.. Lol smh your point is invalid https://t.co/vXPWk3rHGG,0.8,0.7
Fri Apr 15 04:06:17 +0000 2016,"Lol
""Hold on Donald let me get my pen"" https://t.co/xsyKNwdix9",0.8,0.7
Fri Apr 15 04:06:29 +0000 2016,lol just stop  https://t.co/UihmBd2kZw,0.8,0.7
Fri Apr 15 04:02:16 +0000 2016,Long-Haired Guinea Pig Tired of Being Mistaken for Donald Trump https://t.co/8bXoHYJuM6 @elsiekarmadi https://t.co/l9P5Jnsv1h,-0.4,0.7
Fri Apr 15 04:02:42 +0000 2016,Great interview with Larry King talking about Trump! #Trump2016 #MAGA https://t.co/lxzNbUM7IT,1,0.75
Fri Apr 15 04:06:30 +0000 2016,RT @realDenaldTrump: MAKE AMERICA GREAT AGAIN! @realDonaldTrump https://t.co/C3Z1ZVRJkT,1,0.75
Fri Apr 15 04:17:58 +0000 2016,"RT @Timpanist: Hey #CruzFamily, ya gotta watch @tedcruz in this great skit with Jimmy Fallon!!!  https://t.co/3QMy6Zw7xA",1,0.75
Fri Apr 15 03:54:42 +0000 2016,This piece by Donald J Trump is actually incredibly well written. He makes some salient points throughout. Good read https://t.co/QXcGpLVBGE,0.8,0.75
Fri Apr 15 04:12:35 +0000 2016,RT @BernardSlanders: Donald Trump should stick to what he knows and Make Reality TV Great Again,0.8,0.75
Fri Apr 15 04:12:46 +0000 2016,"Retweeted Donald J. Trump (@realDonaldTrump):

Biggest story in politics is now happening in the great State of... https://t.co/CqX7ycJWWH",0.8,0.75
Fri Apr 15 03:54:38 +0000 2016,@SoapView Bernie is winning by 11 in a Utah poll vs Donald trump. So.,0.5,0.75
Fri Apr 15 04:06:48 +0000 2016,"@icecube Hol""""""eee bageez""""uS I did not think I could luv u more then I already do""SooOoo glad uR a NO""nonesense guY https://t.co/xEsDcjo8CY",0.5,0.75
Fri Apr 15 04:02:06 +0000 2016,RT @rosiegreat: Drumpf is Donald Trump's original family name https://t.co/4m7vEqA9Ig,0.375,0.75
Fri Apr 15 04:05:57 +0000 2016,RT @rosiegreat: Drumpf is Donald Trump's original family name https://t.co/4m7vEqA9Ig,0.375,0.75
Fri Apr 15 04:17:20 +0000 2016,Donald Trump How to Get Rich. @youtube @realdonaldtrump https://t.co/WMcmiPT72M,0.375,0.75
Fri Apr 15 04:17:29 +0000 2016,In my opinion a lame skit by Fallon #CruzCrew  https://t.co/9qWnXLP6sO,-0.5,0.75
Fri Apr 15 03:54:35 +0000 2016,Looks like Trump still has it in the Donald J Trump Foundation! :-( horrible people like this should be in jail! :-( https://t.co/1O3Cii3nx8,-0.65625,0.75
Fri Apr 15 04:12:48 +0000 2016,I liked a @YouTube video from @kiingtong https://t.co/YIKPtDz8Vr Minecraft: Build Battle! Ep. 11 - DONALD TRUMP w/ Kiingtong &amp;,0.75,0.8
Fri Apr 15 03:54:52 +0000 2016,I liked a @YouTube video from @socialrepose https://t.co/x1u8T3Qs7t Goth Reacts to Donald Trump,0.6,0.8
Fri Apr 15 03:55:20 +0000 2016,I liked a @YouTube video https://t.co/Byb3V8bdRL Donald Trump's Phone Call with Ted Cruz,0.6,0.8
Fri Apr 15 04:12:38 +0000 2016,I liked a @YouTube video https://t.co/LiM72qNoJ6 Donald Trump Interviews Himself In the Mirror,0.6,0.8
Fri Apr 15 04:12:04 +0000 2016,RT @jchaltiwanger: BREAKING: Piece of shit tabloid endorses piece of shit.  https://t.co/SO5hMM5f4x,-0.2,0.8
Fri Apr 15 03:54:37 +0000 2016,RT @dailydot: Student dodges test question with amazing Trump-style answer: https://t.co/vwyUJv6dnR https://t.co/3qeiA19D33,0.6000000000000001,0.9
Fri Apr 15 03:55:12 +0000 2016,"After Every Airline Refused To Fly This Dying Boy, Donald Trump Stepped In And Did THIS https://t.co/tuuu5WmPum",0.8,0.9
Fri Apr 15 04:06:48 +0000 2016,RT @existentialcoms: Donald Trump seems like the kind of guy who would invade Russia in the winter.,0.6,0.9
Fri Apr 15 04:12:28 +0000 2016,"RT @go4marshall: Ted Cruz Drops 11 Points to Donald Trump in ONE MONTH 

in Latest FOX News Poll

 https://t.co/qdmb4rD8bx",0.5,0.9
Fri Apr 15 04:02:10 +0000 2016,It's annoying that some people are going to read these tweets and think that I support Donald Trump or Ted Cruz,-0.8,0.9
Fri Apr 15 04:17:44 +0000 2016,"RT @NationalMemo: Donald Trump Will Speak Steps Away From The Site Of An Infamous Hate Crime
https://t.co/dny50Zy2lD https://t.co/OsxufzVMRi",-0.65,0.95
Fri Apr 15 04:02:16 +0000 2016,"One of America's greatest newspapers:

@realDonaldTrump for #POTUS:

#TeaParty #Trump2016 #NYPrimary #Trump https://t.co/omg6zMwzgh",1,1
Fri Apr 15 04:02:33 +0000 2016,@rafshmatko @nikshmatko Thank you for the beautiful bust of Donald Trump and for your support! He will #MAGA &amp; restore relations with Russia,1,1
Fri Apr 15 04:06:23 +0000 2016,"Trump was awesome as usual.He is so interesting,I wish he would go on forever. https://t.co/ikmr08EfVN",1,1
Fri Apr 15 04:02:14 +0000 2016,@anne_timber   Want to thank @GOP @Reince @cologop on helping Trump reach 1237 (CAKE) DONALD LET HIM HANG HIMSELF ...POLLS :),0.5,1
Fri Apr 15 04:02:26 +0000 2016,@FrankLangben @megynkelly  Want to thank @GOP @Reince @cologop on helping Trump reach 1237 (CAKE) DONALD LET HIM HANG HIMSELF ...POLLS :),0.5,1
Fri Apr 15 04:02:49 +0000 2016,@mbowr6 @CMHADirector  Want to thank @GOP @Reince @cologop on helping Trump reach 1237 (CAKE) DONALD LET HIM HANG HIMSELF ...POLLS :),0.5,1
Fri Apr 15 04:06:04 +0000 2016,@ted_cruz_smooth  Want to thank @GOP @Reince @cologop on helping Trump reach 1237 (CAKE) DONALD LET HIM HANG HIMSELF ...POLLS :),0.5,1
Fri Apr 15 04:06:09 +0000 2016,RT @JorgeZG67: Ewwww Donald trump ruined one of my favorite childhood movies https://t.co/uXlZZttnAR,0.5,1
Fri Apr 15 04:06:49 +0000 2016,@ltholmes  Want to thank @GOP @Reince @cologop on helping Trump reach 1237 (CAKE) DONALD LET HIM HANG HIMSELF ...POLLS :),0.5,1
Fri Apr 15 04:07:05 +0000 2016,@puccinisouth  Want to thank @GOP @Reince @cologop on helping Trump reach 1237 (CAKE) DONALD LET HIM HANG HIMSELF ...POLLS :),0.5,1
Fri Apr 15 04:17:21 +0000 2016,@connors_b @megynkelly @tedcruz  Want to thank @GOP @Reince @cologop on helping Trump reach 1237 (CAKE) DONALD LET HIM HANG HIMSELF.POLLS :),0.5,1
Fri Apr 15 04:17:43 +0000 2016,@KkATWUMAN  Want to thank @GOP @Reince @cologop on helping Trump reach 1237 (CAKE) DONALD LET HIM HANG HIMSELF ...POLLS :),0.5,1
Fri Apr 15 04:06:06 +0000 2016,RT @s8n: I am extremely offended. https://t.co/ucGO1wlXQD,-0.125,1
Fri Apr 15 04:02:27 +0000 2016,"Sorry Donald Trump, Ted Cruz Was Talking About Building a Border Wall in 2011 https://t.co/m58C6Aklk0 @Shareaholic @caterey @CruzCrew #pjnet",-0.5,1
Fri Apr 15 04:17:57 +0000 2016,RT @BuzzFeedPol: Donald Trump Has Tweeted A Lot Of Fake Albert Einstein Quotations https://t.co/O5Dtoan8Eo,-0.5,1
Fri Apr 15 04:02:46 +0000 2016,"#Dems voting for weaker LYING candidate #Hillary are MORONS https://t.co/8Eb38xQkXE
#BernieOrBust https://t.co/eBbnDcxek5",-0.8,1
Fri Apr 15 04:06:50 +0000 2016,"RT @kenluskin1: #Dems voting for weaker LYING candidate #Hillary are MORONS https://t.co/8Eb38xQkXE
#BernieOrBust https://t.co/eBbnDcxek5",-0.8,1
Fri Apr 15 03:54:38 +0000 2016,@kcampb5 I want Donald Trump off of our ticket he is so disgusting #nevertrump,-1,1
Fri Apr 15 04:17:27 +0000 2016,RT @CDJordan_: Ted Cruz will drag us back to 1955 and Donald Trump will lead us to WWIII so no matter who go blue ha,-0.03333333333333333,0.05694444444444444
Fri Apr 15 04:07:02 +0000 2016,First Draft: Donald Trump Seeks Help With West Bank Question During Meeting With Jewish Media https://t.co/kQhdc67Dro,0.125,0.16666666666666666
Fri Apr 15 04:12:09 +0000 2016,First Draft: Donald Trump Seeks Help With West Bank Question During Meeting With Jewish Media https://t.co/GwFpRxc9LI,0.125,0.16666666666666666
Fri Apr 15 04:18:05 +0000 2016,RT @dan_seidner13: Hillary is just the female democratic version of Donald Trump,0,0.16666666666666666
Fri Apr 15 03:55:04 +0000 2016,Donald Trump #TrumpHead Large White Custom Decal 1000-PACK #republican  #gop #2a #trump2016 https://t.co/5MZdT2L8b5,0.10714285714285714,0.21428571428571427
Fri Apr 15 04:02:47 +0000 2016,"Anti-Donald Trump rally in New York, several held watch details now in 9am bulletin https://t.co/zod0giGDA2",0.06818181818181818,0.22727272727272727
Fri Apr 15 04:12:09 +0000 2016,"@Angel_not_angle its gonna come down to Hilary and Donald, everyone votes Hilary because Trump is a loudmouth.",-0.15555555555555559,0.2888888888888889
Fri Apr 15 04:12:38 +0000 2016,"""why don't you go down to like...um, the hood""  https://t.co/DMYveJhgE6",-0.15555555555555559,0.2888888888888889
Fri Apr 15 04:12:51 +0000 2016,Paul Ryan on Foreign Policy Is Closer to Hillary Clinton Than Donald Trump - The New York Times https://t.co/dQGbeOWGOt,0.005681818181818177,0.2897727272727273
Fri Apr 15 04:17:43 +0000 2016,"Time for Real Change. Vote for DONALD TRUMP!
#NYPrimary 
#CTPrimary
#DEPrimary
#MDPrimary
#PAPrimary
#CAPrimary

 https://t.co/6krSlcUXTd",0.25,0.30000000000000004
Fri Apr 15 04:07:07 +0000 2016,Today I learned Donald Trump will make waifus real,0.2,0.30000000000000004
Fri Apr 15 04:17:44 +0000 2016,"When trolls re-enter the real world...
 https://t.co/pZw88gwasN",0.2,0.30000000000000004
Fri Apr 15 04:07:04 +0000 2016,"Retweeted c walden (@redwhiteandcoup):

Donald Trump Basks in Glow of New York, Cruz? Not so much,... https://t.co/dXmsSIqdrj",0.16818181818181818,0.32727272727272727
Fri Apr 15 03:55:01 +0000 2016,RT @ProgPro: This is why you take him swimming on the first debate  https://t.co/2Bklqqrjlk,0.25,0.3333333333333333
Fri Apr 15 03:55:08 +0000 2016,"RT @KazmierskiR: ""First of alI, I am thankful to Donald Trump for his loyalty and support."" ~Corey Lewandowski",0.25,0.3333333333333333
Fri Apr 15 03:55:10 +0000 2016,"RT @KazmierskiR: ""First of alI, I am thankful to Donald Trump for his loyalty and support."" ~Corey Lewandowski",0.25,0.3333333333333333
Fri Apr 15 04:05:57 +0000 2016,"RT @KazmierskiR: ""First of alI, I am thankful to Donald Trump for his loyalty and support."" ~Corey Lewandowski",0.25,0.3333333333333333
Fri Apr 15 04:06:46 +0000 2016,"RT @PatrickSvitek: .@nypost endorsement of @RealDonaldTrump says he ""reflects the best of 'New York values'"": https://t.co/ChGZOJM1zC",0.5681818181818181,0.37727272727272726
Fri Apr 15 04:06:44 +0000 2016,"RT @LibertySeeds: While Ted #Cruz wants to #lecture and preach, Donald #Trump wants to #build a wall and #secure the #border. Easy choice.",0.30833333333333335,0.4083333333333333
Fri Apr 15 04:12:37 +0000 2016,RT @UpDogAdam: Why did they cut it off right when Bernie was about to drop the best verse in election history  https://t.co/TtLAyWuOf0,0.6428571428571428,0.4178571428571428
Fri Apr 15 04:06:15 +0000 2016,"RT @TrumpWin16: That's what I said too! One loser plus one loser equals 2 losers! LOL
Let's #MakeAmericaGreatAgain  https://t.co/6hEGoltCpt",0.275,0.44999999999999996
Fri Apr 15 04:18:04 +0000 2016,"RT @TrumpWin16: That's what I said too! One loser plus one loser equals 2 losers! LOL
Let's #MakeAmericaGreatAgain  https://t.co/6hEGoltCpt",0.275,0.44999999999999996
Fri Apr 15 04:12:03 +0000 2016,"RT @CarmineZozzora: @ChristieC733 Donald Trump can win New York in the general, but Ted Cruz can beat Hillary. Get it..?",0.3287878787878788,0.4515151515151515
Fri Apr 15 04:12:04 +0000 2016,RT @USAHipster: Thank you NEW YORK POST! #NYPrimary https://t.co/uhtlTqj4KF,0.17045454545454544,0.45454545454545453
Fri Apr 15 04:12:25 +0000 2016,"Retweeted Donald J. Trump (@realDonaldTrump):

Join me on Saturday- in Syracuse, New York! #NYPrimary #Trump2016... https://t.co/5duRH2a8df",0.17045454545454544,0.45454545454545453
Fri Apr 15 04:12:30 +0000 2016,RT @USAHipster: Thank you NEW YORK POST! #NYPrimary https://t.co/uhtlTqj4KF,0.17045454545454544,0.45454545454545453
Fri Apr 15 04:12:38 +0000 2016,RT @USAHipster: Thank you NEW YORK POST! #NYPrimary https://t.co/uhtlTqj4KF,0.17045454545454544,0.45454545454545453
Fri Apr 15 04:12:56 +0000 2016,"Retweeted Donald J. Trump (@realDonaldTrump):

THANK YOU California, Maryland, New York, and Pennsylvania! See... https://t.co/aDFexyQpSx",0.17045454545454544,0.45454545454545453
Fri Apr 15 03:54:36 +0000 2016,RT @WeNeedTrump: Donald Trump is the new Ronald Reagan. #Trump2016 https://t.co/aeJSxOA1yZ,0.13636363636363635,0.45454545454545453
Fri Apr 15 03:54:45 +0000 2016,RT @CLewandowski_: The Post endorses Donald Trump | New York Post https://t.co/wbXRD74zWB,0.13636363636363635,0.45454545454545453
Fri Apr 15 03:55:01 +0000 2016,Donald Trump Basks in Glow of New York Republicans https://t.co/8Ox0TDJlZq via @bpolitics #NeverCruz ignored,0.13636363636363635,0.45454545454545453
Fri Apr 15 03:55:06 +0000 2016,Donald Trump Basks in Glow of New York Republicans https://t.co/lg40EMNXnz via @bpolitics #NeverCruz ignored,0.13636363636363635,0.45454545454545453
Fri Apr 15 04:02:16 +0000 2016,RT @CLewandowski_: The Post endorses Donald Trump | New York Post https://t.co/wbXRD74zWB,0.13636363636363635,0.45454545454545453
Fri Apr 15 04:02:18 +0000 2016,RT @RogerForTRUMP: Replay: Donald Trump at the New York State Republican Gala (4-14-16) https://t.co/YG4iVhivA2 via @YouTube,0.13636363636363635,0.45454545454545453
Fri Apr 15 04:02:36 +0000 2016,The New York Post endorses Donald Trump on grounds he will no longer be Trump https://t.co/t0bMmijCAq,0.13636363636363635,0.45454545454545453
Fri Apr 15 04:02:44 +0000 2016,RT @CLewandowski_: The Post endorses Donald Trump | New York Post https://t.co/wbXRD74zWB,0.13636363636363635,0.45454545454545453
Fri Apr 15 04:06:17 +0000 2016,RT @CLewandowski_: The Post endorses Donald Trump | New York Post https://t.co/wbXRD74zWB,0.13636363636363635,0.45454545454545453
Fri Apr 15 04:06:25 +0000 2016,RT @CLewandowski_: The Post endorses Donald Trump | New York Post https://t.co/wbXRD74zWB,0.13636363636363635,0.45454545454545453
Fri Apr 15 04:07:06 +0000 2016,RT @CLewandowski_: The Post endorses Donald Trump | New York Post https://t.co/wbXRD74zWB,0.13636363636363635,0.45454545454545453
Fri Apr 15 04:12:24 +0000 2016,RT @PatriotGeorgia: The Post endorses Donald Trump | New York Post https://t.co/bSAQWAdl2w,0.13636363636363635,0.45454545454545453
Fri Apr 15 04:12:32 +0000 2016,RT @CLewandowski_: The Post endorses Donald Trump | New York Post https://t.co/wbXRD74zWB,0.13636363636363635,0.45454545454545453
Fri Apr 15 04:12:51 +0000 2016,Donald Trump Is the New P.T. Barnum https://t.co/9yk8NdsROn via @truthout,0.13636363636363635,0.45454545454545453
Fri Apr 15 04:17:16 +0000 2016,RT @CLewandowski_: The Post endorses Donald Trump | New York Post https://t.co/wbXRD74zWB,0.13636363636363635,0.45454545454545453
Fri Apr 15 04:17:23 +0000 2016,The New York Post endorses Donald Trump on grounds he will no longer be Trump https://t.co/yyc0tzXowy https://t.co/hq9sVtXKvJ,0.13636363636363635,0.45454545454545453
Fri Apr 15 04:17:26 +0000 2016,Donald Trump uses gala to define 'New York values' - Podcast favorites: Bernie gets the Axe | Radical Islam in ... https://t.co/THnQ2CDqVy,0.13636363636363635,0.45454545454545453
Fri Apr 15 04:17:32 +0000 2016,Donald Trump embraces 'New York values'; Ted Cruz stands by attack https://t.co/Kel7zCI9fo,0.13636363636363635,0.45454545454545453
Fri Apr 15 04:18:03 +0000 2016,RT @CLewandowski_: The Post endorses Donald Trump | New York Post https://t.co/wbXRD74zWB,0.13636363636363635,0.45454545454545453
Fri Apr 15 04:18:05 +0000 2016,New York Post endorses Donald Trump (https://t.co/oYJJmN0AIg) https://t.co/Ykcq2T6Dzc https://t.co/Z7JFyprwMF,0.13636363636363635,0.45454545454545453
Fri Apr 15 03:55:11 +0000 2016,NIGGAZ WHITE DISS TRUMP DONALD BLACK POWER WIN ME KNOW DOING RIGHT FINE ME YOUNG RAPPER BIG THING GOOD MAN EVERYBODY LOVE YOU WITH HAPPY ME,0.3435714285714286,0.456904761904762
Fri Apr 15 04:06:06 +0000 2016,"In fact, I don't know him personally, but I think Donald Trump is an awful human.",-0.3333333333333333,0.46666666666666673
Fri Apr 15 03:54:56 +0000 2016,"RT @jodyavirgan: Trump major newspaper endorsements:
National Enquirer
New York Observer
New York Post https://t.co/fzwTRP9KTI",0.11174242424242424,0.4696969696969697
Fri Apr 15 04:02:24 +0000 2016,"RT @Stocktouter: Top story: The Post endorses Donald Trump | New York Post https://t.co/fdus5jbiKJ, see more https://t.co/aQ2gjf4gVX",0.37878787878787873,0.48484848484848486
Fri Apr 15 04:02:13 +0000 2016,DISS TRUMP DONALD BLACK AMERICA LIVES FOREVER DIFFERENT POWER BLACK RESPECT RAPPER LOVE ME YOUNG RAPPER NOT PRESIDENT STOP TRUMP,0.053333333333333344,0.4933333333333333
Fri Apr 15 03:55:03 +0000 2016,"RT @PolarWhut: Cruz supporters haven't defected.  

They just take in far less FOX News &amp; FOX Polls these days. https://t.co/6SjzTM03Ah",-0.033333333333333326,0.5333333333333333
Fri Apr 15 03:54:52 +0000 2016,RT @heytana: Donald Trump is right: The Republican nominating process is a scam https://t.co/iUoZ7SaddO via @bi_politics,0.2857142857142857,0.5357142857142857
Fri Apr 15 04:17:37 +0000 2016,I don't fw u Hillary but u spittin some fire right now. Still a snake tho.  https://t.co/JmUCORRwYf,0.2857142857142857,0.5357142857142857
Fri Apr 15 04:06:00 +0000 2016,"RT @farhip: The NEW YORK Post (not the one on K St.), you mean.  https://t.co/xLwmMpu6qX",-0.08806818181818182,0.5710227272727273
Fri Apr 15 04:17:57 +0000 2016,"Predictable. To win @GOP Primary you have to go  extreme Right, then hope ppl forget in the General... https://t.co/fZfsFm6YIS",0.20178571428571426,0.5726190476190476
Fri Apr 15 04:05:53 +0000 2016,"Great men do the right thing because it's right, https://t.co/kLvu1n9kn9",0.45714285714285713,0.6071428571428571
Fri Apr 15 04:12:20 +0000 2016,Excellent  I invite you to join me @cjosiedoe1 in support of #TedCruz I have a great following of #CruzSupporters  https://t.co/hDNCwclyGW,0.6,0.6166666666666667
Fri Apr 15 03:55:05 +0000 2016,RT @WeNeedTrump: Donald Trump is not a corrupt politician. We need a real leader fast! #Trump2016 https://t.co/TDBYvIdn3y,0.2333333333333333,0.6333333333333333
Fri Apr 15 04:06:02 +0000 2016,RT @WeNeedTrump: Donald Trump is not a corrupt politician. We need a real leader fast! #Trump2016 https://t.co/TDBYvIdn3y,0.2333333333333333,0.6333333333333333
Fri Apr 15 04:06:42 +0000 2016,"""Donald trump isn't even that bad"" https://t.co/oMgQ6BSYYU",-0.6999999999999998,0.6666666666666666
Fri Apr 15 04:18:00 +0000 2016,#cnn #latest #latesnews Donald Trump uses gala to define 'New York values' https://t.co/scttUJB76K,0.3181818181818182,0.6772727272727272
Fri Apr 15 04:17:44 +0000 2016,"excellent choice new york post, thumb up  https://t.co/21BjQV61MS",0.5681818181818181,0.7272727272727273
Fri Apr 15 04:17:27 +0000 2016,"Donald Trump defines ""New York values"" in his own words https://t.co/POHbHEVpWu https://t.co/BHJjIdFsxH",0.36818181818181817,0.7272727272727273
Fri Apr 15 04:17:31 +0000 2016,"RT @CNN: Donald Trump defines ""New York values"" in his own words https://t.co/POHbHEVpWu https://t.co/BHJjIdFsxH",0.36818181818181817,0.7272727272727273
Fri Apr 15 04:17:51 +0000 2016,"Donald Trump defines ""New York values"" in his own words https://t.co/URZEdCxR0b https://t.co/98RSQACaie (RT CNN)",0.36818181818181817,0.7272727272727273
Fri Apr 15 04:17:56 +0000 2016,"RT @CNN: Donald Trump defines ""New York values"" in his own words https://t.co/POHbHEVpWu https://t.co/BHJjIdFsxH",0.36818181818181817,0.7272727272727273
Fri Apr 15 04:02:10 +0000 2016,RT @HispanicsTrump: Glad to see the New York Post hop aboard the #TrumpTrain! https://t.co/f1nH512EH2,0.3352272727272727,0.7272727272727273
Fri Apr 15 04:06:17 +0000 2016,RT @HispanicsTrump: Glad to see the New York Post hop aboard the #TrumpTrain! https://t.co/f1nH512EH2,0.3352272727272727,0.7272727272727273
Fri Apr 15 03:55:09 +0000 2016,RT @lizzym420: GREAT AD: Says it all. Good vs Evil.  RT https://t.co/hAsuz4EKyA,0.16666666666666666,0.7833333333333333
Fri Apr 15 03:55:13 +0000 2016,"That was my theory about Romney, that he was the only candidate certain to contradict everything Romney said. https://t.co/o4d87MDMpm",0.10714285714285714,0.7857142857142857
Fri Apr 15 04:06:51 +0000 2016,Wonderful news. Always liked The NY Post.  Smart.  https://t.co/eiq4W2HHDA,0.6047619047619047,0.8142857142857144
Fri Apr 15 04:02:23 +0000 2016,"Every time the Kings score a lucky goal, Donald Trump turns a darker shade of orange.",0.3333333333333333,0.8333333333333334
Fri Apr 15 04:17:56 +0000 2016,RT @yunggoonjt: I'd stab this nigga for a hot and spicy  https://t.co/Mydgl5bA4n,0.25,0.8500000000000001
Fri Apr 15 04:07:03 +0000 2016,RT @JohnnyCauthen: Meet the Pastors Who Support Donald Trump - @ABC News https://t.co/3WzUsqTaRL,0.668852,0
Fri Apr 15 04:12:47 +0000 2016,"""Run and get the paper and it won't be the Post..."" https://t.co/eDKA6vUHZT",0.600069,0
Fri Apr 15 04:17:45 +0000 2016,RT @DonaldJTrumpJr: Brand tie-up: Donald Trump eyes commercial realty in India  via @htTweets https://t.co/O6OUwsU15r,0.554133,0
Fri Apr 15 04:02:28 +0000 2016,Carl Icahn on Donald Trump https://t.co/vRBVt7oyvh,0.534403,0
Fri Apr 15 04:12:12 +0000 2016,"RT @ThingsDrakeDo: Who would you rather have as a president? 
RT for Drake
FAV for Donald Trump https://t.co/5oP2zeQrHB",0.525141,0
Fri Apr 15 03:54:41 +0000 2016,I'd buy him some razors if he would swallow them https://t.co/vh19VKNIY2,0.484454,0
Fri Apr 15 03:54:42 +0000 2016,"RT @benshapiro: He's a walking @nypost headline, so no surprise https://t.co/TKnF0v1GpI",0.484454,0
Fri Apr 15 03:54:48 +0000 2016,RT @DanScavino: Donald J. Trump Meets With Members of Jewish Media Outlets at Trump Tower Today. #Trump2016 https://t.co/be4dvvGpgV,0.484454,0
Fri Apr 15 03:54:51 +0000 2016,RT @DanScavino: Donald J. Trump Meets With Members of Jewish Media Outlets at Trump Tower Today. #Trump2016 https://t.co/be4dvvGpgV,0.484454,0
Fri Apr 15 03:55:15 +0000 2016,RT @Donald_J_Tramp: Donald Trump... Wall cop #NeverTrump #StopTrump #DumpTrump https://t.co/V9qQJ9Aizr,0.484454,0
Fri Apr 15 04:02:12 +0000 2016,"Larry The Cable Guy has for $200,000.00. Donald Trump$1.3 mil. He is in Congress not allowed. She wasn't in Congress https://t.co/f0v8XoedA0",0.484454,0
Fri Apr 15 04:02:25 +0000 2016,RT @clevanser: This should say Donald trump  https://t.co/Hh992qxtXR,0.484454,0
Fri Apr 15 04:02:35 +0000 2016,The video SHOWS YOU GRABBING DONALD TRUMP. The only liar in this incident is YOU.  https://t.co/YinxoRaTeB,0.484454,0
Fri Apr 15 04:02:19 +0000 2016,"RT @thegarance: Reminds me of all those studies that show women get hired on records, men on potential https://t.co/6bQPoI4Rrs",0.484454,0
Fri Apr 15 04:06:12 +0000 2016,Reasons she's queen https://t.co/eSYf1D0JCy,0.484454,0
Fri Apr 15 04:06:13 +0000 2016,"RT @joseph604: So in reality, which Bernie refuses to acknowledge, he will lose. https://t.co/QcqhBgSPiw",0.484454,0
Fri Apr 15 04:06:23 +0000 2016,The Donald Trump of Newspapers Endorses Donald Trump https://t.co/TxjdfdmurA,0.484454,0
Fri Apr 15 04:06:33 +0000 2016,You aren't gonna get it from Sanders. Your horse is basically the left's Donald Trump. https://t.co/5sIbcBGXD6,0.484454,0
Fri Apr 15 04:06:42 +0000 2016,Donald Trump and Megyn kelly made up after she arrived at TRUMP TOWER https://t.co/BNVOFmTa9P,0.484454,0
Fri Apr 15 04:06:53 +0000 2016,"RT @bretmanrock: Donald Trump: I like it when people wear no makeup 
Me: https://t.co/j1AdUkjXZ3",0.484454,0
Fri Apr 15 04:06:59 +0000 2016,RT @NYlovesTrump: @seanhannity @oreilly stick ur fox unfav polls of Trump up ur estab lovin ASS!  https://t.co/Amml3sTHZ8,0.484454,0
Fri Apr 15 04:07:00 +0000 2016,Must Read. DONALD Trump Op. Ed https://t.co/oIff3Twl26,0.484454,0
Fri Apr 15 04:12:03 +0000 2016,"RT @kailxnemekxna: who should be the next us president?

rt for idina menzel
like for donald trump https://t.co/tGX1FOA0CX",0.484454,0
Fri Apr 15 04:12:12 +0000 2016,"#Trump ed 

Donald Trump jumps to an 18 point lead over Ted Cruz nationally. reports. 

https://t.co/kSYOJk1TDq #CNN https://t.co/kfBjvg3q55",0.484454,0
Fri Apr 15 04:12:21 +0000 2016,I hope not https://t.co/qutpqUnjQV,0.484454,0
Fri Apr 15 04:12:31 +0000 2016,"Retweeted Donald J. Trump (@realDonaldTrump):

Thank you Pittsburgh, Pennsylvania!
#MakeAmericaGreatAgain... https://t.co/R8Wq66n28b",0.484454,0
Fri Apr 15 04:12:42 +0000 2016,RT @DanScavino: Donald J. Trump Meets With Members of Jewish Media Outlets at Trump Tower Today. #Trump2016 https://t.co/be4dvvGpgV,0.484454,0
Fri Apr 15 04:12:43 +0000 2016,"That sounds like Donald Trump,are you kidding Me,are you trumps campaign Manager? https://t.co/vTOZTxnKLH",0.484454,0
Fri Apr 15 04:12:54 +0000 2016,It is a replay (of course). https://t.co/VCKe2bCMXN,0.484454,0
Fri Apr 15 04:12:56 +0000 2016,RT @NDCTrump: Donald Trump meeting with Jewish media today https://t.co/JltaVjvqz7,0.484454,0
Fri Apr 15 04:17:38 +0000 2016,"RT @USAHipster: USA needs Donald Trump to save the Manufacturing, Coal &amp; Steel Industries! #NYPrimary https://t.co/LcfHIheGjU",0.484454,0
Fri Apr 15 04:17:47 +0000 2016,Guess trump forgot to tell his friends &amp; family to change political affiliation to vote for him bet they're Dems  https://t.co/c7fZVTI2gp,0.484454,0
Fri Apr 15 04:17:57 +0000 2016,"RT @benshapiro: He's a walking @nypost headline, so no surprise https://t.co/TKnF0v1GpI",0.484454,0
Fri Apr 15 04:18:05 +0000 2016,The master negotiator at work. #TrumpUnifier can bring this party together. https://t.co/uQet6tI48T,0.484454,0
Fri Apr 15 04:06:30 +0000 2016,RT @saSophiaa: https://t.co/Mw6D7NnLci Retweeted https://t.co/VJDquDqjxA,0.461518,0
Fri Apr 15 04:12:51 +0000 2016,"Retweeted Donald J. Trump (@realDonaldTrump):

The rules DID CHANGE in Colorado shortly after I entered the race... https://t.co/uMM4LnFoL8",0.434744,0
Fri Apr 15 03:55:18 +0000 2016,RT @RogerJStoneJr: Cruz supporter jumps ship- goes for @realDonaldTrump https://t.co/8GtruEeXki,0.405019,0
Fri Apr 15 03:54:41 +0000 2016,RT @BlackPplVines: Donald Trump rally vs. Bernie Sander rally https://t.co/H39bgUB906,0.389078,0
Fri Apr 15 03:54:46 +0000 2016,RT @OfficialSeanB_: Donald Trump rally vs. Bernie Sander rally https://t.co/3siJ49mmfM,0.389078,0
Fri Apr 15 03:54:47 +0000 2016,RT @TheHoodVines: Donald Trump rally vs. Bernie Sander rally https://t.co/AWgND2cxRH,0.389078,0
Fri Apr 15 03:54:48 +0000 2016,RT @WorldStarFunny: Donald Trump rally vs. Bernie Sander rally https://t.co/Pa0ZV2JBV4,0.389078,0
Fri Apr 15 03:54:52 +0000 2016,RT @rappersaid: Mac Miller roasting Donald Trump https://t.co/SjUjOaVdAL,0.389078,0
Fri Apr 15 03:54:58 +0000 2016,RT @p_cal: Donald Trump rally vs Bernie Sanders rally https://t.co/ZFqfly9Zpf,0.389078,0
Fri Apr 15 04:02:12 +0000 2016,RT @OfficialSeanB_: Donald Trump rally vs. Bernie Sander rally https://t.co/3siJ49mmfM,0.389078,0
Fri Apr 15 04:02:22 +0000 2016,RT @trrvisXX: Donald Trump rally vs. Bernie Sander rally https://t.co/ekBkTA3whJ,0.389078,0
Fri Apr 15 04:02:24 +0000 2016,RT @OfficialSeanB_: Donald Trump rally vs. Bernie Sander rally https://t.co/3siJ49mmfM,0.389078,0
Fri Apr 15 04:02:34 +0000 2016,RT @trrvisXX: Donald Trump rally vs. Bernie Sander rally https://t.co/ekBkTA3whJ,0.389078,0
Fri Apr 15 04:01:54 +0000 2016,RT @BlackPplVines: Donald Trump rally vs. Bernie Sander rally https://t.co/H39bgUB906,0.389078,0
Fri Apr 15 04:06:10 +0000 2016,RT @trrvisXX: Donald Trump rally vs. Bernie Sander rally https://t.co/ekBkTA3whJ,0.389078,0
Fri Apr 15 04:06:34 +0000 2016,RT @illywhitesides: Donald Trump rally vs Bernie Sanders rally https://t.co/WExuXosIfD,0.389078,0
Fri Apr 15 04:06:35 +0000 2016,RT @BlackPplVines: Donald Trump rally vs. Bernie Sander rally https://t.co/H39bgUB906,0.389078,0
Fri Apr 15 04:06:41 +0000 2016,RT @rappersaid: Mac Miller roasting Donald Trump https://t.co/SjUjOaVdAL,0.389078,0
Fri Apr 15 04:07:06 +0000 2016,RT @rappersaid: Mac Miller roasting Donald Trump https://t.co/SjUjOaVdAL,0.389078,0
Fri Apr 15 04:12:24 +0000 2016,RT @RappersSaid: Mac Miller roasting Donald Trump https://t.co/id5tJlSknj,0.389078,0
Fri Apr 15 04:12:26 +0000 2016,RT @A_JFrancois: Donald Trump rally vs. Bernie Sander rally https://t.co/cRx4pj3WqJ,0.389078,0
Fri Apr 15 04:12:32 +0000 2016,RT @WorIdStarComedy: Donald Trump rally vs. Bernie Sander rally https://t.co/dnGeMkz6sv,0.389078,0
Fri Apr 15 04:12:44 +0000 2016,RT @WorldStarFunny: Donald Trump rally vs. Bernie Sander rally https://t.co/Pa0ZV2JBV4,0.389078,0
Fri Apr 15 04:12:47 +0000 2016,RT @illywhitesides: Donald Trump rally vs Bernie Sanders rally https://t.co/WExuXosIfD,0.389078,0
Fri Apr 15 04:12:49 +0000 2016,RT @OfficialSeanB_: Donald Trump rally vs. Bernie Sander rally https://t.co/3siJ49mmfM,0.389078,0
Fri Apr 15 04:17:35 +0000 2016,RT @TedTheZodiac: Donald Trump rally vs. Bernie Sander rally https://t.co/act47eluco,0.389078,0
Fri Apr 15 04:17:45 +0000 2016,RT @OfficialSeanB_: Donald Trump rally vs. Bernie Sander rally https://t.co/3siJ49mmfM,0.389078,0
Fri Apr 15 04:17:57 +0000 2016,RT @WorldStarFunny: Donald Trump rally vs. Bernie Sander rally https://t.co/Pa0ZV2JBV4,0.389078,0
Fri Apr 15 04:18:03 +0000 2016,RT @BlackPplVines: Donald Trump rally vs. Bernie Sander rally https://t.co/H39bgUB906,0.389078,0
Fri Apr 15 03:55:04 +0000 2016,Donald Trump SHE GOT #SCHLONGED Republican Boxer Brief Underwear #tea party  #nra #tpp #nra #2a #tpp https://t.co/zNqXCCiZbv,0.339013,0
Fri Apr 15 03:55:04 +0000 2016,Donald Trump SHE GOT #SCHLONGED Republican Boxer Brief Underwear #republican  #2a #tpp #2a #pjnet https://t.co/jgDvWpc6ds,0.304119,0
Fri Apr 15 04:06:22 +0000 2016,https://t.co/rQsXTkyWD7 Donald Trump Phone Call With Hillary Clinton @Rasees,0.231134,0
Fri Apr 15 04:17:59 +0000 2016,Donald Trump Thinks Obama Is The Weakest President Ever. Do You Agree? Vote https://t.co/7JvgqGuDLc via @yesimright1,0.227176,0
Fri Apr 15 04:02:23 +0000 2016,@tedcruz Lyin' Donald Trump ...He had a SuperPAC ...UNTIL HE GOT CAUGHT . https://t.co/uMyMvWyGIB,0.20858,0
Fri Apr 15 04:18:02 +0000 2016,Donald Trump Thinks Obama Is The Weakest President Ever. Do You Agree? Vote https://t.co/8spwBUA2Z9 via @yesimright1,0.201088,0
Fri Apr 15 04:12:03 +0000 2016,RT @brithume: This is for those buying the Trump complaints about Colorado. --&gt; https://t.co/j5QaGBm2px,0.185169,0
Fri Apr 15 03:54:49 +0000 2016,"RT @GuyaneseVenez: I'll give you $2.5m to stomp on Donald Trump supporters 

Me:

 https://t.co/FZ6k4iDo9t",0.151004,0
Fri Apr 15 04:02:07 +0000 2016,"RT @GuyaneseVenez: I'll give you $2.5m to stomp on Donald Trump supporters 

Me:

 https://t.co/FZ6k4iDo9t",0.151004,0
Fri Apr 15 04:12:47 +0000 2016,Trump attempted to appeal to us living in Pennsylvania by bringing up Joe Paterno...didn't go too well. #fresheyes https://t.co/frs9mxDCgx,0.120684,0
Fri Apr 15 03:54:43 +0000 2016,#Woman4Trump up the volume!!  Sheer will and  https://t.co/PioHN4jUF4   https://t.co/HoA1Shs9Al,0.120014,0
Fri Apr 15 03:55:06 +0000 2016,"RT @mellberr: Donald Trump, Ted Cruz Trade Barbs Over Wives In US Presidential... #MelaniaTrump https://t.co/9By1X7RNQB",0.0923023,0
Fri Apr 15 03:55:06 +0000 2016,"RT @mellberr: Donald Trump, Ted Cruz Trade Barbs Over Wives In US Presidential... #MelaniaTrump https://t.co/9By1X7RNQB",0.0923023,0
Fri Apr 15 03:55:07 +0000 2016,"RT @mellberr: Donald Trump, Ted Cruz Trade Barbs Over Wives In US Presidential... #MelaniaTrump https://t.co/9By1X7RNQB",0.0923023,0
Fri Apr 15 03:55:07 +0000 2016,"RT @mellberr: Donald Trump, Ted Cruz Trade Barbs Over Wives In US Presidential... #MelaniaTrump https://t.co/9By1X7RNQB",0.0923023,0
Fri Apr 15 04:17:42 +0000 2016,"Donald Trump: 'Maybe we should #boycottStarbucks' - https://t.co/oF0f76mO4x https://t.co/sF5gslb76w April 14, 2016 at 11:17PM",0.0854616,0
Fri Apr 15 04:12:02 +0000 2016,@ABC7NY @NBCNewYork @CBSNewYork @fox5ny @wpix Senior Lives Matter end guardianship abuse! https://t.co/kJx49KLGeV https://t.co/dD2ROTqPZo,0.0545286,0
Fri Apr 15 04:02:03 +0000 2016,"RT @artpaIette: Donald Trump: Vote for me!
Me: Hell nawl
Donald Trump: I'll make your GPA a 4.0
Me: https://t.co/wT08lSeEPF",0.0518817,0
Fri Apr 15 04:17:55 +0000 2016,The Post endorses Donald Trump https://t.co/XmOyx950jt,0.0215496,0
Fri Apr 15 03:54:39 +0000 2016,Donald Trump on GOP delegate fight: 'I'm not at war': Donald Trump talks about his delegate figh... https://t.co/IUjWPxC2Ud #GOPPrimaries,0,0
Fri Apr 15 03:54:40 +0000 2016,Donald Trump on GOP delegate fight: 'I'm not at war': Donald Trump talks about his delegate figh... https://t.co/yQIzUaQvMk #GOPPrimaries,0,0
Fri Apr 15 03:54:49 +0000 2016,5 'Oops' Moments From Donald Trump on the Campaign Trail https://t.co/ljmw1amG0U,0,0
Fri Apr 15 03:54:50 +0000 2016,The Post endorses Donald Trump https://t.co/Pk1XSyboQT,0,0
Fri Apr 15 03:54:55 +0000 2016,RT @saSophiaa: https://t.co/Mw6D7NnLci Retweeted https://t.co/VJDquDqjxA,0,0
Fri Apr 15 03:55:19 +0000 2016,Florida prosecutor drops battery charge against Donald Trump's campaign manager https://t.co/bTlndwrqfu #news #national,0,0
Fri Apr 15 04:02:20 +0000 2016,"RT @aylahugo6: Donald Trump's 22-Year-Old Daughter Is Ruling Instagram

https://t.co/VcdEmZz4ma",0,0
Fri Apr 15 04:12:28 +0000 2016,"RT @arianabrook2: Donald Trump's 22-Year-Old Daughter Is Ruling Instagram

https://t.co/2VEIt8Z98H",0,0
Fri Apr 15 04:12:56 +0000 2016,#trump #trumptrain Donald Trump on GOP delegate fight: 'I'm not at war': Donald Tru... https://t.co/zzLpFmDU46 https://t.co/15JJLzxQQW #rt,0,0
Fri Apr 15 04:12:56 +0000 2016,#trump #trumptrain The Post endorses Donald Trump: Donald Trump is a rookie candida... https://t.co/0gbv9vLKir https://t.co/15JJLzxQQW #rt,0,0
Fri Apr 15 04:17:57 +0000 2016,Donald Trump Seeks Help With West Bank Question During Meeting With Jewish Media https://t.co/5H33T4Q8Dp,0,0
Fri Apr 15 04:06:37 +0000 2016,I explained how differently Trump and Bernie criticize rigged system here: https://t.co/oy6jljFG5G #DemDebate https://t.co/dIbyVDAnKP,-0.537153,0
Fri Apr 15 04:12:48 +0000 2016,Former &amp;#039;Apprentice&amp;#039; Contestants Planning To Denounce Donald Trump https://t.co/1hkEyOpdzN #Celebrity #DonaldTrump #News,-0.506797,0
Fri Apr 15 04:06:01 +0000 2016,The Post endorses Donald Trump https://t.co/K7HZSl8rnn https://t.co/CSgcQOq9Rk,-0.48746,0
Fri Apr 15 04:06:22 +0000 2016,RT @PoliticsNewz: The Post endorses Donald Trump https://t.co/K7HZSl8rnn https://t.co/CSgcQOq9Rk,-0.48746,0
Fri Apr 15 04:12:41 +0000 2016,Florida prosecutors drop case against Donald Trump's campaign manager - Washington Post https://t.co/xrYvjYgS07 https://t.co/FiAQgvgRNS,-0.439416,0
Fri Apr 15 04:06:11 +0000 2016,"RT @tabletmag: Jarring, must-read report about how Trump's campaign is affecting schoolkids: https://t.co/N0jwzwqo1v #TrumpWatch",-0.394751,0
Fri Apr 15 04:17:39 +0000 2016,"Does Donald Trump have 'arsenal' of Roger Ailes' Fox secrets 
https://t.co/ykrevnSuBE via @CNNMoney 
@SykesCharlie @WSCP1 @ARnews1936",-0.330502,0
Fri Apr 15 04:17:58 +0000 2016,Donald Trump's Campaign Manager -- Video Shows Reporter Crossing the Line https://t.co/8ZDJg2qHGA via @YouTube,-0.258531,0
Fri Apr 15 04:17:55 +0000 2016,RT @staceysager7: Supporters already lining up to hear Donald Trump speak at GOP fundraiser in Patchogue https://t.co/xWdBx6qYEb,-0.21774,0
Fri Apr 15 04:12:42 +0000 2016,Trump campaign manager won't face battery charges: Donald Trump's campaign manager won't be prosecuted for bat... https://t.co/7dajPDWSgK,-0.215221,0
Fri Apr 15 03:54:54 +0000 2016,Let me ask America a Question by Donald J Trump https://t.co/fJRHAXoaNP,-0.199426,0
Fri Apr 15 04:02:48 +0000 2016,RT @Aslans_Girl: Donald Trump's op-ed in the WSJ!! | @realDonaldTrump: Let me ask America a question https://t.co/Kz9sqUv0hT via @WSJ,-0.199426,0
Fri Apr 15 04:06:43 +0000 2016,RT @Aslans_Girl: Donald Trump's op-ed in the WSJ!! | @realDonaldTrump: Let me ask America a question https://t.co/Kz9sqUv0hT via @WSJ,-0.199426,0
Fri Apr 15 04:12:40 +0000 2016,RT @Aslans_Girl: Donald Trump's op-ed in the WSJ!! | @realDonaldTrump: Let me ask America a question https://t.co/Kz9sqUv0hT via @WSJ,-0.199426,0
Fri Apr 15 04:06:02 +0000 2016,"RT @JoeSudbay: RT @americasvoice: ""Judicial Truthiness"": Who Said It, Donald Trump Or Judge Hanen? https://t.co/FQtOaWFY0x",-0.199188,0
Fri Apr 15 04:06:11 +0000 2016,Florida prosecutor drops battery charge against Donald Trump's campaign manager https://t.co/tEA5MardWm #music #news,-0.187434,0
Fri Apr 15 04:06:39 +0000 2016,"So the genius, Rove, finally figured out what the NYT and Salon realized in June
Karl Rove-backed PAC warms to Trump https://t.co/qO2RqivS7p",-0.183745,0
Fri Apr 15 03:54:43 +0000 2016,"RT @leonpui_: Why Does Soros want to intefere with the Republican elections?

https://t.co/NHpTStCGsn",-0.12427,0
Fri Apr 15 04:02:24 +0000 2016,RT @Slate: Any claim that Donald Trump has his lost momentum is about to end: https://t.co/WfwLDucQxJ https://t.co/wJ4LltNFUm,-0.0957115,0
Fri Apr 15 04:06:21 +0000 2016,RT @Slate: Any claim that Donald Trump has his lost momentum is about to end: https://t.co/WfwLDucQxJ https://t.co/wJ4LltNFUm,-0.0957115,0
Fri Apr 15 04:17:48 +0000 2016,RT @JonathanHoenig: Trump is a quintessential Ayn Rand villain: https://t.co/9L6bd4ZAM7 https://t.co/dThrcHT7Pa,-0.0844782,0
Fri Apr 15 04:17:54 +0000 2016,RT @johnnydollar01: Why Donald Trump Is Boycotting Fox Business Host Neil Cavuto https://t.co/5ufSxGXmIM via @briansflood,-0.065296,0
Fri Apr 15 03:54:41 +0000 2016,RT @slone: WTG!!!!!!!!!!!! NY POST ENDORSES TRUMP https://t.co/sftKdVcklT https://t.co/BxrpB86Gub,-0.0521802,0
Fri Apr 15 03:54:48 +0000 2016,RT @jaketapper: The NY Post endorses Donald Trump  https://t.co/Zah1S7sSyc,-0.0521802,0
Fri Apr 15 03:54:53 +0000 2016,RT @RichHoffmann83: Screw you Daily Snooze: The Post endorses Donald Trump https://t.co/nBYFqJzHwd via @nypost,-0.0521802,0
Fri Apr 15 03:54:55 +0000 2016,"RT @slone: NY POST: Trump is a plain-talking entrepreneur with outer-borough, common-sense sensibilities https://t.co/sftKdVcklT",-0.0521802,0
Fri Apr 15 03:55:03 +0000 2016,The Post endorses Donald Trump https://t.co/xTGCOE32pt via @nypost,-0.0521802,0
Fri Apr 15 03:55:12 +0000 2016,RT @MarkHalperin: Murdoch'ed!!! @nypost backs @realDonaldTrump https://t.co/qbG6Y6YwkJ,-0.0521802,0
Fri Apr 15 03:55:18 +0000 2016,RT @nypost: The Post endorses Donald Trump https://t.co/bGIxG1DnZO https://t.co/1lC8E4Xi89,-0.0521802,0
Fri Apr 15 03:55:19 +0000 2016,"RT @BuzzFeedAndrew: I can't tell if this parody
https://t.co/UyHCV3i1uj https://t.co/e8kpOtReFg",-0.0521802,0
Fri Apr 15 04:02:10 +0000 2016,"RT @slone: NY POST: Trump is a plain-talking entrepreneur with outer-borough, common-sense sensibilities https://t.co/sftKdVcklT",-0.0521802,0
Fri Apr 15 04:02:30 +0000 2016,RT @nypost: The Post endorses Donald Trump https://t.co/bGIxG1DnZO https://t.co/1lC8E4Xi89,-0.0521802,0
Fri Apr 15 04:02:33 +0000 2016,RT @ChatRevolve: BREAKING NEWS: #NYpost Endorses #Trump #NY #NewYork https://t.co/R8LukpxaMS,-0.0521802,0
Fri Apr 15 04:02:37 +0000 2016,The Post endorses Donald Trump https://t.co/JMdGQeJtot via @nypost,-0.0521802,0
Fri Apr 15 04:02:38 +0000 2016,RT @nypost: The Post endorses Donald Trump https://t.co/bGIxG1DnZO https://t.co/1lC8E4Xi89,-0.0521802,0
Fri Apr 15 04:06:03 +0000 2016,The Post endorses Donald Trump https://t.co/sFQxtSO2J2 via @nypost https://t.co/pMkiI3njeg,-0.0521802,0
Fri Apr 15 04:06:12 +0000 2016,RT @nypost: The Post endorses Donald Trump https://t.co/bGIxG1DnZO https://t.co/1lC8E4Xi89,-0.0521802,0
Fri Apr 15 04:06:46 +0000 2016,"endorses Donald Trump https://t.co/HyxjIZjF7C via @nypost 4 @realDonaldTrump AND 2 #MakeAmericaGreatAgain 
 #GOP #leadership #A2 #p2 #tcot",-0.0521802,0
Fri Apr 15 04:06:50 +0000 2016,RT @ChatRevolve: BREAKING NEWS: #NYpost Endorses #Trump #NY #NewYork https://t.co/R8LukpxaMS,-0.0521802,0
Fri Apr 15 04:07:06 +0000 2016,RT @nypost: The Post endorses Donald Trump https://t.co/bGIxG1DnZO https://t.co/1lC8E4Xi89,-0.0521802,0
Fri Apr 15 04:12:09 +0000 2016,"RT @slone: NY POST: Trump is a plain-talking entrepreneur with outer-borough, common-sense sensibilities https://t.co/sftKdVcklT",-0.0521802,0
Fri Apr 15 04:12:10 +0000 2016,RT @ChatRevolve: BREAKING NEWS: #NYpost Endorses #Trump #NY #NewYork https://t.co/R8LukpxaMS,-0.0521802,0
Fri Apr 15 04:12:26 +0000 2016,RT @nypost: The Post endorses Donald Trump https://t.co/bGIxG1DnZO https://t.co/1lC8E4Xi89,-0.0521802,0
Fri Apr 15 04:12:45 +0000 2016,RT @nypost: The Post endorses Donald Trump https://t.co/bGIxG1DnZO https://t.co/1lC8E4Xi89,-0.0521802,0
Fri Apr 15 04:12:49 +0000 2016,"https://t.co/VBJabw1ZZD
endorses @realDonaldTrump ""A plain-talking entrepreneur with outer-borough, common-sense sensibilities.""",-0.0521802,0
Fri Apr 15 04:12:52 +0000 2016,RT @nypost: The Post endorses Donald Trump https://t.co/bGIxG1DnZO https://t.co/1lC8E4Xi89,-0.0521802,0
Fri Apr 15 04:17:16 +0000 2016,RT @nypost: The Post endorses Donald Trump https://t.co/bGIxG1DnZO https://t.co/1lC8E4Xi89,-0.0521802,0
Fri Apr 15 04:17:23 +0000 2016,RT @jaketapper: The NY Post endorses Donald Trump  https://t.co/Zah1S7sSyc,-0.0521802,0
Fri Apr 15 04:17:58 +0000 2016,RT @HoustonforTrump: @mitchellvii https://t.co/qhXLjoqMq7 NY post endorses trump,-0.0521802,0
Fri Apr 15 04:02:14 +0000 2016,"RT @AnnCoulter: .@Franklin_Graham ""America Has Never Seen a Candidate Like Donald Trump https://t.co/eDmXmxZyvC",-0.0498509,0
Fri Apr 15 04:02:19 +0000 2016,"RT @AnnCoulter: .@Franklin_Graham ""America Has Never Seen a Candidate Like Donald Trump https://t.co/eDmXmxZyvC",-0.0498509,0
Fri Apr 15 04:06:06 +0000 2016,Would the Kremlin prefer Hillary Clinton or Donald Trump? - via @Russia_Direct - https://t.co/q0DeFZQMDP,-0.036678,0
